Iran,"{Iran}","{Iran}","{Iran}","{Iran}","{Iran}","{Iran}","{Iran}","{Iran}","{Iran}","{Mexico, Iran}","{Mexico, Iran}","{Mexico, Iran}","{Mexico, Iran}","{Mexico, Iran}","{Mexico, Iran}","{Mexico, Iran}","{Mexico, Iran}","{Mexico, Iran}","{Mexico, Iran}","{Mexico, Iran}","{Mexico, Iran}","{Mexico, Iran}","{Mexico, Canada, Iran, United-States}","{Mexico, Canada, Iran, United-States}","{Mexico, Canada, Iran, United-States}","{Iran, United-States, Mexico, Canada, India}","{Iran, United-States, Mexico, Canada, India}","{Iran, United-States, Mexico, Canada, India}","{Iran, United-States, Mexico, Canada, India}","{Iran, United-States, Mexico, Canada, India}","{Iran, United-States, Mexico, Canada, India}","{Iran, United-States, Mexico, Canada, India}","{Iran, United-States, ?, Mexico, Canada, India}","{Iran, United-States, ?, Mexico, Canada, India}","{Iran, United-States, ?, Mexico, Canada, India}","{Iran, United-States, England, ?, Mexico, Canada, India, Ireland, Scotland}","{Iran, United-States, England, ?, Mexico, Canada, India, Ireland, Scotland}","{Italy, France, Iran, Poland, United-States, England, Hungary, ?, Mexico, Portugal, Canada, Greece, India, Holand-Netherlands, Germany, Yugoslavia, Ireland, Scotland}","{Italy, France, Iran, Poland, United-States, England, Hungary, ?, Mexico, Portugal, Canada, Greece, India, Holand-Netherlands, Germany, Yugoslavia, Ireland, Scotland}","{France, Cambodia, Holand-Netherlands, Yugoslavia, Poland, Hungary, Greece, Germany, India, Scotland, Italy, Taiwan, Iran, England, Thailand, China, Mexico, Laos, Portugal, Ireland, Philippines, Hong, United-States, Japan, ?, Canada, Vietnam}",*
Germany,"{Germany}","{Germany}","{Germany}","{Germany}","{Germany, France}","{Germany, France}","{Germany, France}","{Germany, France}","{Germany, France}","{Germany, France}","{Germany, France}","{Germany, France}","{Germany, France}","{Germany, France}","{Italy, Germany, France}","{Italy, Germany, France, Portugal}","{Italy, Germany, France, Portugal}","{Italy, Germany, France, Portugal}","{Italy, Germany, France, Portugal}","{Italy, France, Portugal, Greece, Germany}","{Italy, France, Portugal, Greece, Germany}","{Italy, France, Portugal, Greece, Germany}","{Italy, France, Portugal, Greece, Germany}","{Italy, France, Portugal, Greece, Germany}","{Italy, France, Portugal, Greece, Germany}","{Italy, France, Portugal, Greece, Germany}","{Italy, France, Portugal, Greece, Germany}","{Italy, France, Portugal, Greece, Germany}","{Italy, France, Poland, Hungary, Portugal, Greece, Germany, Yugoslavia}","{Italy, France, Poland, Hungary, Portugal, Greece, Germany, Yugoslavia}","{Italy, France, Poland, Hungary, Portugal, Greece, Germany, Yugoslavia}","{Italy, France, Poland, Hungary, Portugal, Greece, Holand-Netherlands, Germany, Yugoslavia}","{Italy, France, Poland, Hungary, Portugal, Greece, Holand-Netherlands, Germany, Yugoslavia}","{Italy, France, Poland, Hungary, Portugal, Greece, Holand-Netherlands, Germany, Yugoslavia}","{Italy, France, Poland, Hungary, Portugal, Greece, Holand-Netherlands, Germany, Yugoslavia}","{Italy, France, Poland, Hungary, Portugal, Greece, Holand-Netherlands, Germany, Yugoslavia}","{Italy, France, Poland, Hungary, Portugal, Greece, Holand-Netherlands, Germany, Yugoslavia}","{Italy, France, Iran, Poland, United-States, England, Hungary, ?, Mexico, Portugal, Canada, Greece, India, Holand-Netherlands, Germany, Yugoslavia, Ireland, Scotland}","{Italy, France, Iran, Poland, United-States, England, Hungary, ?, Mexico, Portugal, Canada, Greece, India, Holand-Netherlands, Germany, Yugoslavia, Ireland, Scotland}","{France, Cambodia, Holand-Netherlands, Yugoslavia, Poland, Hungary, Greece, Germany, India, Scotland, Italy, Taiwan, Iran, England, Thailand, China, Mexico, Laos, Portugal, Ireland, Philippines, Hong, United-States, Japan, ?, Canada, Vietnam}",*
Nicaragua,"{Nicaragua}","{Nicaragua}","{Nicaragua}","{Nicaragua}","{Nicaragua}","{Nicaragua}","{Nicaragua}","{Nicaragua}","{Nicaragua}","{Nicaragua}","{Nicaragua}","{Nicaragua}","{Nicaragua}","{Nicaragua}","{Nicaragua}","{Nicaragua}","{Nicaragua}","{Nicaragua}","{Nicaragua}","{Nicaragua}","{Guatemala, Nicaragua, Honduras, El-Salvador}","{Guatemala, Nicaragua, Honduras, El-Salvador}","{Guatemala, Nicaragua, Honduras, El-Salvador}","{Guatemala, Nicaragua, Honduras, El-Salvador}","{Guatemala, Nicaragua, Honduras, El-Salvador}","{Guatemala, Nicaragua, Honduras, El-Salvador}","{Guatemala, Nicaragua, Honduras, El-Salvador}","{Honduras, Peru, Guatemala, El-Salvador, Ecuador, Nicaragua}","{Honduras, Peru, Guatemala, El-Salvador, Ecuador, Nicaragua}","{Honduras, Peru, Guatemala, El-Salvador, Ecuador, Nicaragua}","{Honduras, Peru, Guatemala, El-Salvador, Ecuador, Nicaragua}","{Honduras, Peru, Guatemala, El-Salvador, Ecuador, Nicaragua}","{Honduras, Peru, Guatemala, El-Salvador, Ecuador, Nicaragua}","{Honduras, Peru, Guatemala, El-Salvador, Ecuador, Nicaragua}","{Honduras, Peru, Guatemala, El-Salvador, Ecuador, Nicaragua}","{Honduras, Peru, Guatemala, El-Salvador, Ecuador, Nicaragua}","{Honduras, Peru, Guatemala, El-Salvador, Ecuador, Nicaragua}","{Honduras, Peru, Guatemala, El-Salvador, Ecuador, Nicaragua}","{Puerto-Rico, Honduras, Peru, Guatemala, Columbia, Haiti, Jamaica, Outlying-US(Guam-USVI-etc), El-Salvador, South, Ecuador, Dominican-Republic, Nicaragua, Cuba, Trinadad&Tobago}","{Puerto-Rico, Honduras, Peru, Guatemala, Columbia, Haiti, Jamaica, Outlying-US(Guam-USVI-etc), El-Salvador, South, Ecuador, Dominican-Republic, Nicaragua, Cuba, Trinadad&Tobago}",*
Yugoslavia,"{Yugoslavia}","{Yugoslavia}","{Yugoslavia}","{Yugoslavia}","{Yugoslavia}","{Yugoslavia}","{Yugoslavia}","{Yugoslavia}","{Yugoslavia}","{Yugoslavia}","{Yugoslavia}","{Yugoslavia}","{Yugoslavia}","{Yugoslavia}","{Yugoslavia}","{Yugoslavia}","{Yugoslavia}","{Yugoslavia}","{Yugoslavia}","{Yugoslavia}","{Yugoslavia}","{Poland, Yugoslavia, Hungary}","{Poland, Yugoslavia, Hungary}","{Poland, Yugoslavia, Hungary}","{Poland, Yugoslavia, Hungary}","{Poland, Yugoslavia, Hungary}","{Poland, Yugoslavia, Hungary}","{Poland, Yugoslavia, Hungary}","{Italy, France, Poland, Hungary, Portugal, Greece, Germany, Yugoslavia}","{Italy, France, Poland, Hungary, Portugal, Greece, Germany, Yugoslavia}","{Italy, France, Poland, Hungary, Portugal, Greece, Germany, Yugoslavia}","{Italy, France, Poland, Hungary, Portugal, Greece, Holand-Netherlands, Germany, Yugoslavia}","{Italy, France, Poland, Hungary, Portugal, Greece, Holand-Netherlands, Germany, Yugoslavia}","{Italy, France, Poland, Hungary, Portugal, Greece, Holand-Netherlands, Germany, Yugoslavia}","{Italy, France, Poland, Hungary, Portugal, Greece, Holand-Netherlands, Germany, Yugoslavia}","{Italy, France, Poland, Hungary, Portugal, Greece, Holand-Netherlands, Germany, Yugoslavia}","{Italy, France, Poland, Hungary, Portugal, Greece, Holand-Netherlands, Germany, Yugoslavia}","{Italy, France, Iran, Poland, United-States, England, Hungary, ?, Mexico, Portugal, Canada, Greece, India, Holand-Netherlands, Germany, Yugoslavia, Ireland, Scotland}","{Italy, France, Iran, Poland, United-States, England, Hungary, ?, Mexico, Portugal, Canada, Greece, India, Holand-Netherlands, Germany, Yugoslavia, Ireland, Scotland}","{France, Cambodia, Holand-Netherlands, Yugoslavia, Poland, Hungary, Greece, Germany, India, Scotland, Italy, Taiwan, Iran, England, Thailand, China, Mexico, Laos, Portugal, Ireland, Philippines, Hong, United-States, Japan, ?, Canada, Vietnam}",*
Italy,"{Italy}","{Italy}","{Italy}","{Italy}","{Italy}","{Italy}","{Italy}","{Italy}","{Italy}","{Italy}","{Italy}","{Italy}","{Italy}","{Italy}","{Italy, Germany, France}","{Italy, Germany, France, Portugal}","{Italy, Germany, France, Portugal}","{Italy, Germany, France, Portugal}","{Italy, Germany, France, Portugal}","{Italy, France, Portugal, Greece, Germany}","{Italy, France, Portugal, Greece, Germany}","{Italy, France, Portugal, Greece, Germany}","{Italy, France, Portugal, Greece, Germany}","{Italy, France, Portugal, Greece, Germany}","{Italy, France, Portugal, Greece, Germany}","{Italy, France, Portugal, Greece, Germany}","{Italy, France, Portugal, Greece, Germany}","{Italy, France, Portugal, Greece, Germany}","{Italy, France, Poland, Hungary, Portugal, Greece, Germany, Yugoslavia}","{Italy, France, Poland, Hungary, Portugal, Greece, Germany, Yugoslavia}","{Italy, France, Poland, Hungary, Portugal, Greece, Germany, Yugoslavia}","{Italy, France, Poland, Hungary, Portugal, Greece, Holand-Netherlands, Germany, Yugoslavia}","{Italy, France, Poland, Hungary, Portugal, Greece, Holand-Netherlands, Germany, Yugoslavia}","{Italy, France, Poland, Hungary, Portugal, Greece, Holand-Netherlands, Germany, Yugoslavia}","{Italy, France, Poland, Hungary, Portugal, Greece, Holand-Netherlands, Germany, Yugoslavia}","{Italy, France, Poland, Hungary, Portugal, Greece, Holand-Netherlands, Germany, Yugoslavia}","{Italy, France, Poland, Hungary, Portugal, Greece, Holand-Netherlands, Germany, Yugoslavia}","{Italy, France, Iran, Poland, United-States, England, Hungary, ?, Mexico, Portugal, Canada, Greece, India, Holand-Netherlands, Germany, Yugoslavia, Ireland, Scotland}","{Italy, France, Iran, Poland, United-States, England, Hungary, ?, Mexico, Portugal, Canada, Greece, India, Holand-Netherlands, Germany, Yugoslavia, Ireland, Scotland}","{France, Cambodia, Holand-Netherlands, Yugoslavia, Poland, Hungary, Greece, Germany, India, Scotland, Italy, Taiwan, Iran, England, Thailand, China, Mexico, Laos, Portugal, Ireland, Philippines, Hong, United-States, Japan, ?, Canada, Vietnam}",*
Puerto-Rico,"{Puerto-Rico}","{Puerto-Rico}","{Puerto-Rico}","{Puerto-Rico}","{Puerto-Rico}","{Puerto-Rico}","{Puerto-Rico}","{Puerto-Rico}","{Puerto-Rico, Dominican-Republic}","{Puerto-Rico, Dominican-Republic}","{Puerto-Rico, Dominican-Republic}","{Puerto-Rico, Dominican-Republic}","{Puerto-Rico, Dominican-Republic}","{Puerto-Rico, Dominican-Republic}","{Puerto-Rico, Dominican-Republic}","{Puerto-Rico, Dominican-Republic}","{Puerto-Rico, Dominican-Republic}","{Puerto-Rico, Dominican-Republic, Cuba}","{Puerto-Rico, Dominican-Republic, Cuba}","{Puerto-Rico, Dominican-Republic, Cuba}","{Puerto-Rico, Dominican-Republic, Cuba}","{Puerto-Rico, Dominican-Republic, Cuba}","{Puerto-Rico, Dominican-Republic, Cuba}","{Puerto-Rico, Dominican-Republic, Cuba}","{Puerto-Rico, Haiti, Jamaica, Dominican-Republic, Cuba}","{Puerto-Rico, Haiti, Jamaica, Dominican-Republic, Cuba}","{Puerto-Rico, Haiti, Jamaica, Dominican-Republic, Cuba}","{Puerto-Rico, Haiti, Jamaica, Dominican-Republic, Cuba}","{Puerto-Rico, Haiti, Jamaica, Dominican-Republic, Cuba}","{Puerto-Rico, Haiti, Jamaica, Dominican-Republic, Cuba}","{Puerto-Rico, Haiti, Jamaica, Dominican-Republic, Cuba}","{Puerto-Rico, Haiti, Jamaica, Dominican-Republic, Cuba}","{Puerto-Rico, Haiti, Jamaica, Dominican-Republic, Cuba}","{Puerto-Rico, Haiti, Jamaica, Dominican-Republic, Cuba}","{Puerto-Rico, Haiti, Jamaica, Dominican-Republic, Cuba}","{Puerto-Rico, Haiti, Jamaica, Dominican-Republic, Cuba}","{Puerto-Rico, Columbia, Haiti, Jamaica, Outlying-US(Guam-USVI-etc), South, Dominican-Republic, Cuba, Trinadad&Tobago}","{Puerto-Rico, Columbia, Haiti, Jamaica, Outlying-US(Guam-USVI-etc), South, Dominican-Republic, Cuba, Trinadad&Tobago}","{Puerto-Rico, Honduras, Peru, Guatemala, Columbia, Haiti, Jamaica, Outlying-US(Guam-USVI-etc), El-Salvador, South, Ecuador, Dominican-Republic, Nicaragua, Cuba, Trinadad&Tobago}","{Puerto-Rico, Honduras, Peru, Guatemala, Columbia, Haiti, Jamaica, Outlying-US(Guam-USVI-etc), El-Salvador, South, Ecuador, Dominican-Republic, Nicaragua, Cuba, Trinadad&Tobago}",*
El-Salvador,"{El-Salvador}","{El-Salvador}","{Honduras, El-Salvador}","{Honduras, El-Salvador}","{Honduras, El-Salvador}","{Honduras, El-Salvador}","{Honduras, El-Salvador}","{Guatemala, Honduras, El-Salvador}","{Guatemala, Honduras, El-Salvador}","{Guatemala, Honduras, El-Salvador}","{Guatemala, Honduras, El-Salvador}","{Guatemala, Honduras, El-Salvador}","{Guatemala, Honduras, El-Salvador}","{Guatemala, Honduras, El-Salvador}","{Guatemala, Honduras, El-Salvador}","{Guatemala, Honduras, El-Salvador}","{Guatemala, Honduras, El-Salvador}","{Guatemala, Honduras, El-Salvador}","{Guatemala, Honduras, El-Salvador}","{Guatemala, Honduras, El-Salvador}","{Guatemala, Nicaragua, Honduras, El-Salvador}","{Guatemala, Nicaragua, Honduras, El-Salvador}","{Guatemala, Nicaragua, Honduras, El-Salvador}","{Guatemala, Nicaragua, Honduras, El-Salvador}","{Guatemala, Nicaragua, Honduras, El-Salvador}","{Guatemala, Nicaragua, Honduras, El-Salvador}","{Guatemala, Nicaragua, Honduras, El-Salvador}","{Honduras, Peru, Guatemala, El-Salvador, Ecuador, Nicaragua}","{Honduras, Peru, Guatemala, El-Salvador, Ecuador, Nicaragua}","{Honduras, Peru, Guatemala, El-Salvador, Ecuador, Nicaragua}","{Honduras, Peru, Guatemala, El-Salvador, Ecuador, Nicaragua}","{Honduras, Peru, Guatemala, El-Salvador, Ecuador, Nicaragua}","{Honduras, Peru, Guatemala, El-Salvador, Ecuador, Nicaragua}","{Honduras, Peru, Guatemala, El-Salvador, Ecuador, Nicaragua}","{Honduras, Peru, Guatemala, El-Salvador, Ecuador, Nicaragua}","{Honduras, Peru, Guatemala, El-Salvador, Ecuador, Nicaragua}","{Honduras, Peru, Guatemala, El-Salvador, Ecuador, Nicaragua}","{Honduras, Peru, Guatemala, El-Salvador, Ecuador, Nicaragua}","{Puerto-Rico, Honduras, Peru, Guatemala, Columbia, Haiti, Jamaica, Outlying-US(Guam-USVI-etc), El-Salvador, South, Ecuador, Dominican-Republic, Nicaragua, Cuba, Trinadad&Tobago}","{Puerto-Rico, Honduras, Peru, Guatemala, Columbia, Haiti, Jamaica, Outlying-US(Guam-USVI-etc), El-Salvador, South, Ecuador, Dominican-Republic, Nicaragua, Cuba, Trinadad&Tobago}",*
Outlying-US(Guam-USVI-etc),"{Outlying-US(Guam-USVI-etc)}","{Outlying-US(Guam-USVI-etc)}","{Outlying-US(Guam-USVI-etc)}","{Outlying-US(Guam-USVI-etc)}","{Outlying-US(Guam-USVI-etc)}","{Outlying-US(Guam-USVI-etc)}","{Outlying-US(Guam-USVI-etc)}","{Outlying-US(Guam-USVI-etc)}","{Outlying-US(Guam-USVI-etc)}","{Outlying-US(Guam-USVI-etc)}","{Outlying-US(Guam-USVI-etc)}","{Outlying-US(Guam-USVI-etc)}","{Outlying-US(Guam-USVI-etc)}","{Outlying-US(Guam-USVI-etc)}","{Outlying-US(Guam-USVI-etc)}","{Outlying-US(Guam-USVI-etc)}","{Outlying-US(Guam-USVI-etc)}","{Outlying-US(Guam-USVI-etc)}","{Outlying-US(Guam-USVI-etc)}","{Outlying-US(Guam-USVI-etc)}","{Outlying-US(Guam-USVI-etc)}","{Outlying-US(Guam-USVI-etc)}","{Outlying-US(Guam-USVI-etc)}","{Outlying-US(Guam-USVI-etc)}","{Outlying-US(Guam-USVI-etc)}","{Outlying-US(Guam-USVI-etc)}","{Outlying-US(Guam-USVI-etc)}","{Outlying-US(Guam-USVI-etc)}","{Outlying-US(Guam-USVI-etc)}","{Trinadad&Tobago, Outlying-US(Guam-USVI-etc)}","{Trinadad&Tobago, Outlying-US(Guam-USVI-etc)}","{Trinadad&Tobago, Outlying-US(Guam-USVI-etc)}","{Trinadad&Tobago, Outlying-US(Guam-USVI-etc)}","{Trinadad&Tobago, Outlying-US(Guam-USVI-etc)}","{Columbia, Trinadad&Tobago, Outlying-US(Guam-USVI-etc), South}","{Columbia, Trinadad&Tobago, Outlying-US(Guam-USVI-etc), South}","{Puerto-Rico, Columbia, Haiti, Jamaica, Outlying-US(Guam-USVI-etc), South, Dominican-Republic, Cuba, Trinadad&Tobago}","{Puerto-Rico, Columbia, Haiti, Jamaica, Outlying-US(Guam-USVI-etc), South, Dominican-Republic, Cuba, Trinadad&Tobago}","{Puerto-Rico, Honduras, Peru, Guatemala, Columbia, Haiti, Jamaica, Outlying-US(Guam-USVI-etc), El-Salvador, South, Ecuador, Dominican-Republic, Nicaragua, Cuba, Trinadad&Tobago}","{Puerto-Rico, Honduras, Peru, Guatemala, Columbia, Haiti, Jamaica, Outlying-US(Guam-USVI-etc), El-Salvador, South, Ecuador, Dominican-Republic, Nicaragua, Cuba, Trinadad&Tobago}",*
Jamaica,"{Jamaica}","{Jamaica}","{Jamaica}","{Jamaica}","{Jamaica}","{Jamaica}","{Jamaica}","{Jamaica}","{Jamaica}","{Jamaica}","{Jamaica}","{Jamaica}","{Jamaica}","{Jamaica}","{Jamaica}","{Jamaica}","{Haiti, Jamaica}","{Haiti, Jamaica}","{Haiti, Jamaica}","{Haiti, Jamaica}","{Haiti, Jamaica}","{Haiti, Jamaica}","{Haiti, Jamaica}","{Haiti, Jamaica}","{Puerto-Rico, Haiti, Jamaica, Dominican-Republic, Cuba}","{Puerto-Rico, Haiti, Jamaica, Dominican-Republic, Cuba}","{Puerto-Rico, Haiti, Jamaica, Dominican-Republic, Cuba}","{Puerto-Rico, Haiti, Jamaica, Dominican-Republic, Cuba}","{Puerto-Rico, Haiti, Jamaica, Dominican-Republic, Cuba}","{Puerto-Rico, Haiti, Jamaica, Dominican-Republic, Cuba}","{Puerto-Rico, Haiti, Jamaica, Dominican-Republic, Cuba}","{Puerto-Rico, Haiti, Jamaica, Dominican-Republic, Cuba}","{Puerto-Rico, Haiti, Jamaica, Dominican-Republic, Cuba}","{Puerto-Rico, Haiti, Jamaica, Dominican-Republic, Cuba}","{Puerto-Rico, Haiti, Jamaica, Dominican-Republic, Cuba}","{Puerto-Rico, Haiti, Jamaica, Dominican-Republic, Cuba}","{Puerto-Rico, Columbia, Haiti, Jamaica, Outlying-US(Guam-USVI-etc), South, Dominican-Republic, Cuba, Trinadad&Tobago}","{Puerto-Rico, Columbia, Haiti, Jamaica, Outlying-US(Guam-USVI-etc), South, Dominican-Republic, Cuba, Trinadad&Tobago}","{Puerto-Rico, Honduras, Peru, Guatemala, Columbia, Haiti, Jamaica, Outlying-US(Guam-USVI-etc), El-Salvador, South, Ecuador, Dominican-Republic, Nicaragua, Cuba, Trinadad&Tobago}","{Puerto-Rico, Honduras, Peru, Guatemala, Columbia, Haiti, Jamaica, Outlying-US(Guam-USVI-etc), El-Salvador, South, Ecuador, Dominican-Republic, Nicaragua, Cuba, Trinadad&Tobago}",*
Ireland,"{Ireland}","{Ireland}","{Ireland}","{Ireland}","{Ireland}","{Ireland}","{Ireland}","{Ireland}","{Ireland}","{Ireland}","{Ireland}","{England, Ireland, Scotland}","{England, Ireland, Scotland}","{England, Ireland, Scotland}","{England, Ireland, Scotland}","{England, Ireland, Scotland}","{England, Ireland, Scotland}","{England, Ireland, Scotland}","{England, Ireland, Scotland}","{England, Ireland, Scotland}","{England, Ireland, Scotland}","{England, Ireland, Scotland}","{England, Ireland, Scotland}","{England, Ireland, Scotland}","{England, Ireland, Scotland}","{England, Ireland, Scotland}","{England, Ireland, Scotland}","{England, Ireland, Scotland}","{England, Ireland, Scotland}","{England, Ireland, Scotland}","{England, Ireland, Scotland}","{England, Ireland, Scotland}","{England, Ireland, Scotland}","{England, Ireland, Scotland}","{England, Ireland, Scotland}","{Iran, United-States, England, ?, Mexico, Canada, India, Ireland, Scotland}","{Iran, United-States, England, ?, Mexico, Canada, India, Ireland, Scotland}","{Italy, France, Iran, Poland, United-States, England, Hungary, ?, Mexico, Portugal, Canada, Greece, India, Holand-Netherlands, Germany, Yugoslavia, Ireland, Scotland}","{Italy, France, Iran, Poland, United-States, England, Hungary, ?, Mexico, Portugal, Canada, Greece, India, Holand-Netherlands, Germany, Yugoslavia, Ireland, Scotland}","{France, Cambodia, Holand-Netherlands, Yugoslavia, Poland, Hungary, Greece, Germany, India, Scotland, Italy, Taiwan, Iran, England, Thailand, China, Mexico, Laos, Portugal, Ireland, Philippines, Hong, United-States, Japan, ?, Canada, Vietnam}",*
Holand-Netherlands,"{Holand-Netherlands}","{Holand-Netherlands}","{Holand-Netherlands}","{Holand-Netherlands}","{Holand-Netherlands}","{Holand-Netherlands}","{Holand-Netherlands}","{Holand-Netherlands}","{Holand-Netherlands}","{Holand-Netherlands}","{Holand-Netherlands}","{Holand-Netherlands}","{Holand-Netherlands}","{Holand-Netherlands}","{Holand-Netherlands}","{Holand-Netherlands}","{Holand-Netherlands}","{Holand-Netherlands}","{Holand-Netherlands}","{Holand-Netherlands}","{Holand-Netherlands}","{Holand-Netherlands}","{Holand-Netherlands}","{Holand-Netherlands}","{Holand-Netherlands}","{Holand-Netherlands}","{Holand-Netherlands}","{Holand-Netherlands}","{Holand-Netherlands}","{Holand-Netherlands}","{Holand-Netherlands}","{Italy, France, Poland, Hungary, Portugal, Greece, Holand-Netherlands, Germany, Yugoslavia}","{Italy, France, Poland, Hungary, Portugal, Greece, Holand-Netherlands, Germany, Yugoslavia}","{Italy, France, Poland, Hungary, Portugal, Greece, Holand-Netherlands, Germany, Yugoslavia}","{Italy, France, Poland, Hungary, Portugal, Greece, Holand-Netherlands, Germany, Yugoslavia}","{Italy, France, Poland, Hungary, Portugal, Greece, Holand-Netherlands, Germany, Yugoslavia}","{Italy, France, Poland, Hungary, Portugal, Greece, Holand-Netherlands, Germany, Yugoslavia}","{Italy, France, Iran, Poland, United-States, England, Hungary, ?, Mexico, Portugal, Canada, Greece, India, Holand-Netherlands, Germany, Yugoslavia, Ireland, Scotland}","{Italy, France, Iran, Poland, United-States, England, Hungary, ?, Mexico, Portugal, Canada, Greece, India, Holand-Netherlands, Germany, Yugoslavia, Ireland, Scotland}","{France, Cambodia, Holand-Netherlands, Yugoslavia, Poland, Hungary, Greece, Germany, India, Scotland, Italy, Taiwan, Iran, England, Thailand, China, Mexico, Laos, Portugal, Ireland, Philippines, Hong, United-States, Japan, ?, Canada, Vietnam}",*
United-States,"{United-States}","{United-States}","{United-States}","{United-States}","{United-States}","{United-States}","{United-States}","{United-States}","{United-States}","{United-States}","{United-States}","{United-States}","{United-States}","{United-States}","{United-States}","{United-States}","{United-States}","{United-States}","{Canada, United-States}","{Canada, United-States}","{Canada, United-States}","{Canada, United-States}","{Mexico, Canada, Iran, United-States}","{Mexico, Canada, Iran, United-States}","{Mexico, Canada, Iran, United-States}","{Iran, United-States, Mexico, Canada, India}","{Iran, United-States, Mexico, Canada, India}","{Iran, United-States, Mexico, Canada, India}","{Iran, United-States, Mexico, Canada, India}","{Iran, United-States, Mexico, Canada, India}","{Iran, United-States, Mexico, Canada, India}","{Iran, United-States, Mexico, Canada, India}","{Iran, United-States, ?, Mexico, Canada, India}","{Iran, United-States, ?, Mexico, Canada, India}","{Iran, United-States, ?, Mexico, Canada, India}","{Iran, United-States, England, ?, Mexico, Canada, India, Ireland, Scotland}","{Iran, United-States, England, ?, Mexico, Canada, India, Ireland, Scotland}","{Italy, France, Iran, Poland, United-States, England, Hungary, ?, Mexico, Portugal, Canada, Greece, India, Holand-Netherlands, Germany, Yugoslavia, Ireland, Scotland}","{Italy, France, Iran, Poland, United-States, England, Hungary, ?, Mexico, Portugal, Canada, Greece, India, Holand-Netherlands, Germany, Yugoslavia, Ireland, Scotland}","{France, Cambodia, Holand-Netherlands, Yugoslavia, Poland, Hungary, Greece, Germany, India, Scotland, Italy, Taiwan, Iran, England, Thailand, China, Mexico, Laos, Portugal, Ireland, Philippines, Hong, United-States, Japan, ?, Canada, Vietnam}",*
Laos,"{Laos, Thailand}","{Laos, Thailand}","{Laos, Thailand}","{Laos, Thailand}","{Laos, Thailand}","{Laos, Thailand}","{Laos, Thailand}","{Laos, Thailand}","{Laos, Thailand}","{Laos, Thailand}","{Laos, Thailand}","{Laos, Thailand}","{Laos, Thailand}","{Laos, Vietnam, Thailand, Cambodia}","{Laos, Vietnam, Thailand, Cambodia}","{Laos, Vietnam, Thailand, Cambodia}","{Laos, Vietnam, Thailand, Cambodia}","{Laos, Vietnam, Thailand, Cambodia}","{Laos, Vietnam, Thailand, Cambodia}","{Laos, Vietnam, Thailand, Cambodia}","{Laos, Vietnam, Thailand, Cambodia}","{Laos, Vietnam, Thailand, Cambodia}","{Laos, Vietnam, Thailand, Cambodia}","{Laos, Vietnam, Thailand, Cambodia}","{Laos, Vietnam, Thailand, Cambodia}","{Laos, Vietnam, Thailand, Cambodia}","{Philippines, Thailand, Laos, Vietnam, Cambodia}","{Philippines, Thailand, Laos, Vietnam, Cambodia}","{Philippines, Thailand, Laos, Vietnam, Cambodia}","{Philippines, Thailand, Laos, Vietnam, Cambodia}","{Philippines, Thailand, Laos, Vietnam, Cambodia}","{Philippines, Thailand, Laos, Vietnam, Cambodia}","{Philippines, Thailand, Laos, Vietnam, Cambodia}","{Taiwan, Philippines, Hong, Thailand, China, Japan, Laos, Vietnam, Cambodia}","{Taiwan, Philippines, Hong, Thailand, China, Japan, Laos, Vietnam, Cambodia}","{Taiwan, Philippines, Hong, Thailand, China, Japan, Laos, Vietnam, Cambodia}","{Taiwan, Philippines, Hong, Thailand, China, Japan, Laos, Vietnam, Cambodia}","{Taiwan, Philippines, Hong, Thailand, China, Japan, Laos, Vietnam, Cambodia}","{Taiwan, Philippines, Hong, Thailand, China, Japan, Laos, Vietnam, Cambodia}","{France, Cambodia, Holand-Netherlands, Yugoslavia, Poland, Hungary, Greece, Germany, India, Scotland, Italy, Taiwan, Iran, England, Thailand, China, Mexico, Laos, Portugal, Ireland, Philippines, Hong, United-States, Japan, ?, Canada, Vietnam}",*
Poland,"{Poland}","{Poland}","{Poland}","{Poland}","{Poland}","{Poland, Hungary}","{Poland, Hungary}","{Poland, Hungary}","{Poland, Hungary}","{Poland, Hungary}","{Poland, Hungary}","{Poland, Hungary}","{Poland, Hungary}","{Poland, Hungary}","{Poland, Hungary}","{Poland, Hungary}","{Poland, Hungary}","{Poland, Hungary}","{Poland, Hungary}","{Poland, Hungary}","{Poland, Hungary}","{Poland, Yugoslavia, Hungary}","{Poland, Yugoslavia, Hungary}","{Poland, Yugoslavia, Hungary}","{Poland, Yugoslavia, Hungary}","{Poland, Yugoslavia, Hungary}","{Poland, Yugoslavia, Hungary}","{Poland, Yugoslavia, Hungary}","{Italy, France, Poland, Hungary, Portugal, Greece, Germany, Yugoslavia}","{Italy, France, Poland, Hungary, Portugal, Greece, Germany, Yugoslavia}","{Italy, France, Poland, Hungary, Portugal, Greece, Germany, Yugoslavia}","{Italy, France, Poland, Hungary, Portugal, Greece, Holand-Netherlands, Germany, Yugoslavia}","{Italy, France, Poland, Hungary, Portugal, Greece, Holand-Netherlands, Germany, Yugoslavia}","{Italy, France, Poland, Hungary, Portugal, Greece, Holand-Netherlands, Germany, Yugoslavia}","{Italy, France, Poland, Hungary, Portugal, Greece, Holand-Netherlands, Germany, Yugoslavia}","{Italy, France, Poland, Hungary, Portugal, Greece, Holand-Netherlands, Germany, Yugoslavia}","{Italy, France, Poland, Hungary, Portugal, Greece, Holand-Netherlands, Germany, Yugoslavia}","{Italy, France, Iran, Poland, United-States, England, Hungary, ?, Mexico, Portugal, Canada, Greece, India, Holand-Netherlands, Germany, Yugoslavia, Ireland, Scotland}","{Italy, France, Iran, Poland, United-States, England, Hungary, ?, Mexico, Portugal, Canada, Greece, India, Holand-Netherlands, Germany, Yugoslavia, Ireland, Scotland}","{France, Cambodia, Holand-Netherlands, Yugoslavia, Poland, Hungary, Greece, Germany, India, Scotland, Italy, Taiwan, Iran, England, Thailand, China, Mexico, Laos, Portugal, Ireland, Philippines, Hong, United-States, Japan, ?, Canada, Vietnam}",*
Dominican-Republic,"{Dominican-Republic}","{Dominican-Republic}","{Dominican-Republic}","{Dominican-Republic}","{Dominican-Republic}","{Dominican-Republic}","{Dominican-Republic}","{Dominican-Republic}","{Puerto-Rico, Dominican-Republic}","{Puerto-Rico, Dominican-Republic}","{Puerto-Rico, Dominican-Republic}","{Puerto-Rico, Dominican-Republic}","{Puerto-Rico, Dominican-Republic}","{Puerto-Rico, Dominican-Republic}","{Puerto-Rico, Dominican-Republic}","{Puerto-Rico, Dominican-Republic}","{Puerto-Rico, Dominican-Republic}","{Puerto-Rico, Dominican-Republic, Cuba}","{Puerto-Rico, Dominican-Republic, Cuba}","{Puerto-Rico, Dominican-Republic, Cuba}","{Puerto-Rico, Dominican-Republic, Cuba}","{Puerto-Rico, Dominican-Republic, Cuba}","{Puerto-Rico, Dominican-Republic, Cuba}","{Puerto-Rico, Dominican-Republic, Cuba}","{Puerto-Rico, Haiti, Jamaica, Dominican-Republic, Cuba}","{Puerto-Rico, Haiti, Jamaica, Dominican-Republic, Cuba}","{Puerto-Rico, Haiti, Jamaica, Dominican-Republic, Cuba}","{Puerto-Rico, Haiti, Jamaica, Dominican-Republic, Cuba}","{Puerto-Rico, Haiti, Jamaica, Dominican-Republic, Cuba}","{Puerto-Rico, Haiti, Jamaica, Dominican-Republic, Cuba}","{Puerto-Rico, Haiti, Jamaica, Dominican-Republic, Cuba}","{Puerto-Rico, Haiti, Jamaica, Dominican-Republic, Cuba}","{Puerto-Rico, Haiti, Jamaica, Dominican-Republic, Cuba}","{Puerto-Rico, Haiti, Jamaica, Dominican-Republic, Cuba}","{Puerto-Rico, Haiti, Jamaica, Dominican-Republic, Cuba}","{Puerto-Rico, Haiti, Jamaica, Dominican-Republic, Cuba}","{Puerto-Rico, Columbia, Haiti, Jamaica, Outlying-US(Guam-USVI-etc), South, Dominican-Republic, Cuba, Trinadad&Tobago}","{Puerto-Rico, Columbia, Haiti, Jamaica, Outlying-US(Guam-USVI-etc), South, Dominican-Republic, Cuba, Trinadad&Tobago}","{Puerto-Rico, Honduras, Peru, Guatemala, Columbia, Haiti, Jamaica, Outlying-US(Guam-USVI-etc), El-Salvador, South, Ecuador, Dominican-Republic, Nicaragua, Cuba, Trinadad&Tobago}","{Puerto-Rico, Honduras, Peru, Guatemala, Columbia, Haiti, Jamaica, Outlying-US(Guam-USVI-etc), El-Salvador, South, Ecuador, Dominican-Republic, Nicaragua, Cuba, Trinadad&Tobago}",*
France,"{France}","{France}","{France}","{France}","{Germany, France}","{Germany, France}","{Germany, France}","{Germany, France}","{Germany, France}","{Germany, France}","{Germany, France}","{Germany, France}","{Germany, France}","{Germany, France}","{Italy, Germany, France}","{Italy, Germany, France, Portugal}","{Italy, Germany, France, Portugal}","{Italy, Germany, France, Portugal}","{Italy, Germany, France, Portugal}","{Italy, France, Portugal, Greece, Germany}","{Italy, France, Portugal, Greece, Germany}","{Italy, France, Portugal, Greece, Germany}","{Italy, France, Portugal, Greece, Germany}","{Italy, France, Portugal, Greece, Germany}","{Italy, France, Portugal, Greece, Germany}","{Italy, France, Portugal, Greece, Germany}","{Italy, France, Portugal, Greece, Germany}","{Italy, France, Portugal, Greece, Germany}","{Italy, France, Poland, Hungary, Portugal, Greece, Germany, Yugoslavia}","{Italy, France, Poland, Hungary, Portugal, Greece, Germany, Yugoslavia}","{Italy, France, Poland, Hungary, Portugal, Greece, Germany, Yugoslavia}","{Italy, France, Poland, Hungary, Portugal, Greece, Holand-Netherlands, Germany, Yugoslavia}","{Italy, France, Poland, Hungary, Portugal, Greece, Holand-Netherlands, Germany, Yugoslavia}","{Italy, France, Poland, Hungary, Portugal, Greece, Holand-Netherlands, Germany, Yugoslavia}","{Italy, France, Poland, Hungary, Portugal, Greece, Holand-Netherlands, Germany, Yugoslavia}","{Italy, France, Poland, Hungary, Portugal, Greece, Holand-Netherlands, Germany, Yugoslavia}","{Italy, France, Poland, Hungary, Portugal, Greece, Holand-Netherlands, Germany, Yugoslavia}","{Italy, France, Iran, Poland, United-States, England, Hungary, ?, Mexico, Portugal, Canada, Greece, India, Holand-Netherlands, Germany, Yugoslavia, Ireland, Scotland}","{Italy, France, Iran, Poland, United-States, England, Hungary, ?, Mexico, Portugal, Canada, Greece, India, Holand-Netherlands, Germany, Yugoslavia, Ireland, Scotland}","{France, Cambodia, Holand-Netherlands, Yugoslavia, Poland, Hungary, Greece, Germany, India, Scotland, Italy, Taiwan, Iran, England, Thailand, China, Mexico, Laos, Portugal, Ireland, Philippines, Hong, United-States, Japan, ?, Canada, Vietnam}",*
?,"{?}","{?}","{?}","{?}","{?}","{?}","{?}","{?}","{?}","{?}","{?}","{?}","{?}","{?}","{?}","{?}","{?}","{?}","{?}","{?}","{?}","{?}","{?}","{?}","{?}","{?}","{?}","{?}","{?}","{?}","{?}","{?}","{Iran, United-States, ?, Mexico, Canada, India}","{Iran, United-States, ?, Mexico, Canada, India}","{Iran, United-States, ?, Mexico, Canada, India}","{Iran, United-States, England, ?, Mexico, Canada, India, Ireland, Scotland}","{Iran, United-States, England, ?, Mexico, Canada, India, Ireland, Scotland}","{Italy, France, Iran, Poland, United-States, England, Hungary, ?, Mexico, Portugal, Canada, Greece, India, Holand-Netherlands, Germany, Yugoslavia, Ireland, Scotland}","{Italy, France, Iran, Poland, United-States, England, Hungary, ?, Mexico, Portugal, Canada, Greece, India, Holand-Netherlands, Germany, Yugoslavia, Ireland, Scotland}","{France, Cambodia, Holand-Netherlands, Yugoslavia, Poland, Hungary, Greece, Germany, India, Scotland, Italy, Taiwan, Iran, England, Thailand, China, Mexico, Laos, Portugal, Ireland, Philippines, Hong, United-States, Japan, ?, Canada, Vietnam}",*
Cuba,"{Cuba}","{Cuba}","{Cuba}","{Cuba}","{Cuba}","{Cuba}","{Cuba}","{Cuba}","{Cuba}","{Cuba}","{Cuba}","{Cuba}","{Cuba}","{Cuba}","{Cuba}","{Cuba}","{Cuba}","{Puerto-Rico, Dominican-Republic, Cuba}","{Puerto-Rico, Dominican-Republic, Cuba}","{Puerto-Rico, Dominican-Republic, Cuba}","{Puerto-Rico, Dominican-Republic, Cuba}","{Puerto-Rico, Dominican-Republic, Cuba}","{Puerto-Rico, Dominican-Republic, Cuba}","{Puerto-Rico, Dominican-Republic, Cuba}","{Puerto-Rico, Haiti, Jamaica, Dominican-Republic, Cuba}","{Puerto-Rico, Haiti, Jamaica, Dominican-Republic, Cuba}","{Puerto-Rico, Haiti, Jamaica, Dominican-Republic, Cuba}","{Puerto-Rico, Haiti, Jamaica, Dominican-Republic, Cuba}","{Puerto-Rico, Haiti, Jamaica, Dominican-Republic, Cuba}","{Puerto-Rico, Haiti, Jamaica, Dominican-Republic, Cuba}","{Puerto-Rico, Haiti, Jamaica, Dominican-Republic, Cuba}","{Puerto-Rico, Haiti, Jamaica, Dominican-Republic, Cuba}","{Puerto-Rico, Haiti, Jamaica, Dominican-Republic, Cuba}","{Puerto-Rico, Haiti, Jamaica, Dominican-Republic, Cuba}","{Puerto-Rico, Haiti, Jamaica, Dominican-Republic, Cuba}","{Puerto-Rico, Haiti, Jamaica, Dominican-Republic, Cuba}","{Puerto-Rico, Columbia, Haiti, Jamaica, Outlying-US(Guam-USVI-etc), South, Dominican-Republic, Cuba, Trinadad&Tobago}","{Puerto-Rico, Columbia, Haiti, Jamaica, Outlying-US(Guam-USVI-etc), South, Dominican-Republic, Cuba, Trinadad&Tobago}","{Puerto-Rico, Honduras, Peru, Guatemala, Columbia, Haiti, Jamaica, Outlying-US(Guam-USVI-etc), El-Salvador, South, Ecuador, Dominican-Republic, Nicaragua, Cuba, Trinadad&Tobago}","{Puerto-Rico, Honduras, Peru, Guatemala, Columbia, Haiti, Jamaica, Outlying-US(Guam-USVI-etc), El-Salvador, South, Ecuador, Dominican-Republic, Nicaragua, Cuba, Trinadad&Tobago}",*
Thailand,"{Laos, Thailand}","{Laos, Thailand}","{Laos, Thailand}","{Laos, Thailand}","{Laos, Thailand}","{Laos, Thailand}","{Laos, Thailand}","{Laos, Thailand}","{Laos, Thailand}","{Laos, Thailand}","{Laos, Thailand}","{Laos, Thailand}","{Laos, Thailand}","{Laos, Vietnam, Thailand, Cambodia}","{Laos, Vietnam, Thailand, Cambodia}","{Laos, Vietnam, Thailand, Cambodia}","{Laos, Vietnam, Thailand, Cambodia}","{Laos, Vietnam, Thailand, Cambodia}","{Laos, Vietnam, Thailand, Cambodia}","{Laos, Vietnam, Thailand, Cambodia}","{Laos, Vietnam, Thailand, Cambodia}","{Laos, Vietnam, Thailand, Cambodia}","{Laos, Vietnam, Thailand, Cambodia}","{Laos, Vietnam, Thailand, Cambodia}","{Laos, Vietnam, Thailand, Cambodia}","{Laos, Vietnam, Thailand, Cambodia}","{Philippines, Thailand, Laos, Vietnam, Cambodia}","{Philippines, Thailand, Laos, Vietnam, Cambodia}","{Philippines, Thailand, Laos, Vietnam, Cambodia}","{Philippines, Thailand, Laos, Vietnam, Cambodia}","{Philippines, Thailand, Laos, Vietnam, Cambodia}","{Philippines, Thailand, Laos, Vietnam, Cambodia}","{Philippines, Thailand, Laos, Vietnam, Cambodia}","{Taiwan, Philippines, Hong, Thailand, China, Japan, Laos, Vietnam, Cambodia}","{Taiwan, Philippines, Hong, Thailand, China, Japan, Laos, Vietnam, Cambodia}","{Taiwan, Philippines, Hong, Thailand, China, Japan, Laos, Vietnam, Cambodia}","{Taiwan, Philippines, Hong, Thailand, China, Japan, Laos, Vietnam, Cambodia}","{Taiwan, Philippines, Hong, Thailand, China, Japan, Laos, Vietnam, Cambodia}","{Taiwan, Philippines, Hong, Thailand, China, Japan, Laos, Vietnam, Cambodia}","{France, Cambodia, Holand-Netherlands, Yugoslavia, Poland, Hungary, Greece, Germany, India, Scotland, Italy, Taiwan, Iran, England, Thailand, China, Mexico, Laos, Portugal, Ireland, Philippines, Hong, United-States, Japan, ?, Canada, Vietnam}",*
Mexico,"{Mexico}","{Mexico}","{Mexico}","{Mexico}","{Mexico}","{Mexico}","{Mexico}","{Mexico}","{Mexico}","{Mexico, Iran}","{Mexico, Iran}","{Mexico, Iran}","{Mexico, Iran}","{Mexico, Iran}","{Mexico, Iran}","{Mexico, Iran}","{Mexico, Iran}","{Mexico, Iran}","{Mexico, Iran}","{Mexico, Iran}","{Mexico, Iran}","{Mexico, Iran}","{Mexico, Canada, Iran, United-States}","{Mexico, Canada, Iran, United-States}","{Mexico, Canada, Iran, United-States}","{Iran, United-States, Mexico, Canada, India}","{Iran, United-States, Mexico, Canada, India}","{Iran, United-States, Mexico, Canada, India}","{Iran, United-States, Mexico, Canada, India}","{Iran, United-States, Mexico, Canada, India}","{Iran, United-States, Mexico, Canada, India}","{Iran, United-States, Mexico, Canada, India}","{Iran, United-States, ?, Mexico, Canada, India}","{Iran, United-States, ?, Mexico, Canada, India}","{Iran, United-States, ?, Mexico, Canada, India}","{Iran, United-States, England, ?, Mexico, Canada, India, Ireland, Scotland}","{Iran, United-States, England, ?, Mexico, Canada, India, Ireland, Scotland}","{Italy, France, Iran, Poland, United-States, England, Hungary, ?, Mexico, Portugal, Canada, Greece, India, Holand-Netherlands, Germany, Yugoslavia, Ireland, Scotland}","{Italy, France, Iran, Poland, United-States, England, Hungary, ?, Mexico, Portugal, Canada, Greece, India, Holand-Netherlands, Germany, Yugoslavia, Ireland, Scotland}","{France, Cambodia, Holand-Netherlands, Yugoslavia, Poland, Hungary, Greece, Germany, India, Scotland, Italy, Taiwan, Iran, England, Thailand, China, Mexico, Laos, Portugal, Ireland, Philippines, Hong, United-States, Japan, ?, Canada, Vietnam}",*
Trinadad&Tobago,"{Trinadad&Tobago}","{Trinadad&Tobago}","{Trinadad&Tobago}","{Trinadad&Tobago}","{Trinadad&Tobago}","{Trinadad&Tobago}","{Trinadad&Tobago}","{Trinadad&Tobago}","{Trinadad&Tobago}","{Trinadad&Tobago}","{Trinadad&Tobago}","{Trinadad&Tobago}","{Trinadad&Tobago}","{Trinadad&Tobago}","{Trinadad&Tobago}","{Trinadad&Tobago}","{Trinadad&Tobago}","{Trinadad&Tobago}","{Trinadad&Tobago}","{Trinadad&Tobago}","{Trinadad&Tobago}","{Trinadad&Tobago}","{Trinadad&Tobago}","{Trinadad&Tobago}","{Trinadad&Tobago}","{Trinadad&Tobago}","{Trinadad&Tobago}","{Trinadad&Tobago}","{Trinadad&Tobago}","{Trinadad&Tobago, Outlying-US(Guam-USVI-etc)}","{Trinadad&Tobago, Outlying-US(Guam-USVI-etc)}","{Trinadad&Tobago, Outlying-US(Guam-USVI-etc)}","{Trinadad&Tobago, Outlying-US(Guam-USVI-etc)}","{Trinadad&Tobago, Outlying-US(Guam-USVI-etc)}","{Columbia, Trinadad&Tobago, Outlying-US(Guam-USVI-etc), South}","{Columbia, Trinadad&Tobago, Outlying-US(Guam-USVI-etc), South}","{Puerto-Rico, Columbia, Haiti, Jamaica, Outlying-US(Guam-USVI-etc), South, Dominican-Republic, Cuba, Trinadad&Tobago}","{Puerto-Rico, Columbia, Haiti, Jamaica, Outlying-US(Guam-USVI-etc), South, Dominican-Republic, Cuba, Trinadad&Tobago}","{Puerto-Rico, Honduras, Peru, Guatemala, Columbia, Haiti, Jamaica, Outlying-US(Guam-USVI-etc), El-Salvador, South, Ecuador, Dominican-Republic, Nicaragua, Cuba, Trinadad&Tobago}","{Puerto-Rico, Honduras, Peru, Guatemala, Columbia, Haiti, Jamaica, Outlying-US(Guam-USVI-etc), El-Salvador, South, Ecuador, Dominican-Republic, Nicaragua, Cuba, Trinadad&Tobago}",*
Greece,"{Greece}","{Greece}","{Greece}","{Greece}","{Greece}","{Greece}","{Greece}","{Greece}","{Greece}","{Greece}","{Greece}","{Greece}","{Greece}","{Greece}","{Greece}","{Greece}","{Greece}","{Greece}","{Greece}","{Italy, France, Portugal, Greece, Germany}","{Italy, France, Portugal, Greece, Germany}","{Italy, France, Portugal, Greece, Germany}","{Italy, France, Portugal, Greece, Germany}","{Italy, France, Portugal, Greece, Germany}","{Italy, France, Portugal, Greece, Germany}","{Italy, France, Portugal, Greece, Germany}","{Italy, France, Portugal, Greece, Germany}","{Italy, France, Portugal, Greece, Germany}","{Italy, France, Poland, Hungary, Portugal, Greece, Germany, Yugoslavia}","{Italy, France, Poland, Hungary, Portugal, Greece, Germany, Yugoslavia}","{Italy, France, Poland, Hungary, Portugal, Greece, Germany, Yugoslavia}","{Italy, France, Poland, Hungary, Portugal, Greece, Holand-Netherlands, Germany, Yugoslavia}","{Italy, France, Poland, Hungary, Portugal, Greece, Holand-Netherlands, Germany, Yugoslavia}","{Italy, France, Poland, Hungary, Portugal, Greece, Holand-Netherlands, Germany, Yugoslavia}","{Italy, France, Poland, Hungary, Portugal, Greece, Holand-Netherlands, Germany, Yugoslavia}","{Italy, France, Poland, Hungary, Portugal, Greece, Holand-Netherlands, Germany, Yugoslavia}","{Italy, France, Poland, Hungary, Portugal, Greece, Holand-Netherlands, Germany, Yugoslavia}","{Italy, France, Iran, Poland, United-States, England, Hungary, ?, Mexico, Portugal, Canada, Greece, India, Holand-Netherlands, Germany, Yugoslavia, Ireland, Scotland}","{Italy, France, Iran, Poland, United-States, England, Hungary, ?, Mexico, Portugal, Canada, Greece, India, Holand-Netherlands, Germany, Yugoslavia, Ireland, Scotland}","{France, Cambodia, Holand-Netherlands, Yugoslavia, Poland, Hungary, Greece, Germany, India, Scotland, Italy, Taiwan, Iran, England, Thailand, China, Mexico, Laos, Portugal, Ireland, Philippines, Hong, United-States, Japan, ?, Canada, Vietnam}",*
Honduras,"{Honduras}","{Honduras}","{Honduras, El-Salvador}","{Honduras, El-Salvador}","{Honduras, El-Salvador}","{Honduras, El-Salvador}","{Honduras, El-Salvador}","{Guatemala, Honduras, El-Salvador}","{Guatemala, Honduras, El-Salvador}","{Guatemala, Honduras, El-Salvador}","{Guatemala, Honduras, El-Salvador}","{Guatemala, Honduras, El-Salvador}","{Guatemala, Honduras, El-Salvador}","{Guatemala, Honduras, El-Salvador}","{Guatemala, Honduras, El-Salvador}","{Guatemala, Honduras, El-Salvador}","{Guatemala, Honduras, El-Salvador}","{Guatemala, Honduras, El-Salvador}","{Guatemala, Honduras, El-Salvador}","{Guatemala, Honduras, El-Salvador}","{Guatemala, Nicaragua, Honduras, El-Salvador}","{Guatemala, Nicaragua, Honduras, El-Salvador}","{Guatemala, Nicaragua, Honduras, El-Salvador}","{Guatemala, Nicaragua, Honduras, El-Salvador}","{Guatemala, Nicaragua, Honduras, El-Salvador}","{Guatemala, Nicaragua, Honduras, El-Salvador}","{Guatemala, Nicaragua, Honduras, El-Salvador}","{Honduras, Peru, Guatemala, El-Salvador, Ecuador, Nicaragua}","{Honduras, Peru, Guatemala, El-Salvador, Ecuador, Nicaragua}","{Honduras, Peru, Guatemala, El-Salvador, Ecuador, Nicaragua}","{Honduras, Peru, Guatemala, El-Salvador, Ecuador, Nicaragua}","{Honduras, Peru, Guatemala, El-Salvador, Ecuador, Nicaragua}","{Honduras, Peru, Guatemala, El-Salvador, Ecuador, Nicaragua}","{Honduras, Peru, Guatemala, El-Salvador, Ecuador, Nicaragua}","{Honduras, Peru, Guatemala, El-Salvador, Ecuador, Nicaragua}","{Honduras, Peru, Guatemala, El-Salvador, Ecuador, Nicaragua}","{Honduras, Peru, Guatemala, El-Salvador, Ecuador, Nicaragua}","{Honduras, Peru, Guatemala, El-Salvador, Ecuador, Nicaragua}","{Puerto-Rico, Honduras, Peru, Guatemala, Columbia, Haiti, Jamaica, Outlying-US(Guam-USVI-etc), El-Salvador, South, Ecuador, Dominican-Republic, Nicaragua, Cuba, Trinadad&Tobago}","{Puerto-Rico, Honduras, Peru, Guatemala, Columbia, Haiti, Jamaica, Outlying-US(Guam-USVI-etc), El-Salvador, South, Ecuador, Dominican-Republic, Nicaragua, Cuba, Trinadad&Tobago}",*
Peru,"{Peru}","{Peru}","{Peru}","{Peru}","{Peru}","{Peru}","{Peru}","{Peru}","{Peru}","{Peru}","{Peru}","{Peru}","{Peru, Ecuador}","{Peru, Ecuador}","{Peru, Ecuador}","{Peru, Ecuador}","{Peru, Ecuador}","{Peru, Ecuador}","{Peru, Ecuador}","{Peru, Ecuador}","{Peru, Ecuador}","{Peru, Ecuador}","{Peru, Ecuador}","{Peru, Ecuador}","{Peru, Ecuador}","{Peru, Ecuador}","{Peru, Ecuador}","{Honduras, Peru, Guatemala, El-Salvador, Ecuador, Nicaragua}","{Honduras, Peru, Guatemala, El-Salvador, Ecuador, Nicaragua}","{Honduras, Peru, Guatemala, El-Salvador, Ecuador, Nicaragua}","{Honduras, Peru, Guatemala, El-Salvador, Ecuador, Nicaragua}","{Honduras, Peru, Guatemala, El-Salvador, Ecuador, Nicaragua}","{Honduras, Peru, Guatemala, El-Salvador, Ecuador, Nicaragua}","{Honduras, Peru, Guatemala, El-Salvador, Ecuador, Nicaragua}","{Honduras, Peru, Guatemala, El-Salvador, Ecuador, Nicaragua}","{Honduras, Peru, Guatemala, El-Salvador, Ecuador, Nicaragua}","{Honduras, Peru, Guatemala, El-Salvador, Ecuador, Nicaragua}","{Honduras, Peru, Guatemala, El-Salvador, Ecuador, Nicaragua}","{Puerto-Rico, Honduras, Peru, Guatemala, Columbia, Haiti, Jamaica, Outlying-US(Guam-USVI-etc), El-Salvador, South, Ecuador, Dominican-Republic, Nicaragua, Cuba, Trinadad&Tobago}","{Puerto-Rico, Honduras, Peru, Guatemala, Columbia, Haiti, Jamaica, Outlying-US(Guam-USVI-etc), El-Salvador, South, Ecuador, Dominican-Republic, Nicaragua, Cuba, Trinadad&Tobago}",*
Portugal,"{Portugal}","{Portugal}","{Portugal}","{Portugal}","{Portugal}","{Portugal}","{Portugal}","{Portugal}","{Portugal}","{Portugal}","{Portugal}","{Portugal}","{Portugal}","{Portugal}","{Portugal}","{Italy, Germany, France, Portugal}","{Italy, Germany, France, Portugal}","{Italy, Germany, France, Portugal}","{Italy, Germany, France, Portugal}","{Italy, France, Portugal, Greece, Germany}","{Italy, France, Portugal, Greece, Germany}","{Italy, France, Portugal, Greece, Germany}","{Italy, France, Portugal, Greece, Germany}","{Italy, France, Portugal, Greece, Germany}","{Italy, France, Portugal, Greece, Germany}","{Italy, France, Portugal, Greece, Germany}","{Italy, France, Portugal, Greece, Germany}","{Italy, France, Portugal, Greece, Germany}","{Italy, France, Poland, Hungary, Portugal, Greece, Germany, Yugoslavia}","{Italy, France, Poland, Hungary, Portugal, Greece, Germany, Yugoslavia}","{Italy, France, Poland, Hungary, Portugal, Greece, Germany, Yugoslavia}","{Italy, France, Poland, Hungary, Portugal, Greece, Holand-Netherlands, Germany, Yugoslavia}","{Italy, France, Poland, Hungary, Portugal, Greece, Holand-Netherlands, Germany, Yugoslavia}","{Italy, France, Poland, Hungary, Portugal, Greece, Holand-Netherlands, Germany, Yugoslavia}","{Italy, France, Poland, Hungary, Portugal, Greece, Holand-Netherlands, Germany, Yugoslavia}","{Italy, France, Poland, Hungary, Portugal, Greece, Holand-Netherlands, Germany, Yugoslavia}","{Italy, France, Poland, Hungary, Portugal, Greece, Holand-Netherlands, Germany, Yugoslavia}","{Italy, France, Iran, Poland, United-States, England, Hungary, ?, Mexico, Portugal, Canada, Greece, India, Holand-Netherlands, Germany, Yugoslavia, Ireland, Scotland}","{Italy, France, Iran, Poland, United-States, England, Hungary, ?, Mexico, Portugal, Canada, Greece, India, Holand-Netherlands, Germany, Yugoslavia, Ireland, Scotland}","{France, Cambodia, Holand-Netherlands, Yugoslavia, Poland, Hungary, Greece, Germany, India, Scotland, Italy, Taiwan, Iran, England, Thailand, China, Mexico, Laos, Portugal, Ireland, Philippines, Hong, United-States, Japan, ?, Canada, Vietnam}",*
Hong,"{Hong}","{Hong}","{Hong}","{Hong}","{Hong}","{Hong}","{Hong}","{Hong}","{Hong}","{Hong}","{Hong}","{Hong}","{Hong}","{Hong}","{Hong}","{Hong}","{Hong}","{Hong}","{Hong}","{Hong}","{Hong}","{Hong}","{Hong}","{Hong, China, Japan, Taiwan}","{Hong, China, Japan, Taiwan}","{Hong, China, Japan, Taiwan}","{Hong, China, Japan, Taiwan}","{Hong, China, Japan, Taiwan}","{Hong, China, Japan, Taiwan}","{Hong, China, Japan, Taiwan}","{Hong, China, Japan, Taiwan}","{Hong, China, Japan, Taiwan}","{Hong, China, Japan, Taiwan}","{Taiwan, Philippines, Hong, Thailand, China, Japan, Laos, Vietnam, Cambodia}","{Taiwan, Philippines, Hong, Thailand, China, Japan, Laos, Vietnam, Cambodia}","{Taiwan, Philippines, Hong, Thailand, China, Japan, Laos, Vietnam, Cambodia}","{Taiwan, Philippines, Hong, Thailand, China, Japan, Laos, Vietnam, Cambodia}","{Taiwan, Philippines, Hong, Thailand, China, Japan, Laos, Vietnam, Cambodia}","{Taiwan, Philippines, Hong, Thailand, China, Japan, Laos, Vietnam, Cambodia}","{France, Cambodia, Holand-Netherlands, Yugoslavia, Poland, Hungary, Greece, Germany, India, Scotland, Italy, Taiwan, Iran, England, Thailand, China, Mexico, Laos, Portugal, Ireland, Philippines, Hong, United-States, Japan, ?, Canada, Vietnam}",*
Ecuador,"{Ecuador}","{Ecuador}","{Ecuador}","{Ecuador}","{Ecuador}","{Ecuador}","{Ecuador}","{Ecuador}","{Ecuador}","{Ecuador}","{Ecuador}","{Ecuador}","{Peru, Ecuador}","{Peru, Ecuador}","{Peru, Ecuador}","{Peru, Ecuador}","{Peru, Ecuador}","{Peru, Ecuador}","{Peru, Ecuador}","{Peru, Ecuador}","{Peru, Ecuador}","{Peru, Ecuador}","{Peru, Ecuador}","{Peru, Ecuador}","{Peru, Ecuador}","{Peru, Ecuador}","{Peru, Ecuador}","{Honduras, Peru, Guatemala, El-Salvador, Ecuador, Nicaragua}","{Honduras, Peru, Guatemala, El-Salvador, Ecuador, Nicaragua}","{Honduras, Peru, Guatemala, El-Salvador, Ecuador, Nicaragua}","{Honduras, Peru, Guatemala, El-Salvador, Ecuador, Nicaragua}","{Honduras, Peru, Guatemala, El-Salvador, Ecuador, Nicaragua}","{Honduras, Peru, Guatemala, El-Salvador, Ecuador, Nicaragua}","{Honduras, Peru, Guatemala, El-Salvador, Ecuador, Nicaragua}","{Honduras, Peru, Guatemala, El-Salvador, Ecuador, Nicaragua}","{Honduras, Peru, Guatemala, El-Salvador, Ecuador, Nicaragua}","{Honduras, Peru, Guatemala, El-Salvador, Ecuador, Nicaragua}","{Honduras, Peru, Guatemala, El-Salvador, Ecuador, Nicaragua}","{Puerto-Rico, Honduras, Peru, Guatemala, Columbia, Haiti, Jamaica, Outlying-US(Guam-USVI-etc), El-Salvador, South, Ecuador, Dominican-Republic, Nicaragua, Cuba, Trinadad&Tobago}","{Puerto-Rico, Honduras, Peru, Guatemala, Columbia, Haiti, Jamaica, Outlying-US(Guam-USVI-etc), El-Salvador, South, Ecuador, Dominican-Republic, Nicaragua, Cuba, Trinadad&Tobago}",*
Hungary,"{Hungary}","{Hungary}","{Hungary}","{Hungary}","{Hungary}","{Poland, Hungary}","{Poland, Hungary}","{Poland, Hungary}","{Poland, Hungary}","{Poland, Hungary}","{Poland, Hungary}","{Poland, Hungary}","{Poland, Hungary}","{Poland, Hungary}","{Poland, Hungary}","{Poland, Hungary}","{Poland, Hungary}","{Poland, Hungary}","{Poland, Hungary}","{Poland, Hungary}","{Poland, Hungary}","{Poland, Yugoslavia, Hungary}","{Poland, Yugoslavia, Hungary}","{Poland, Yugoslavia, Hungary}","{Poland, Yugoslavia, Hungary}","{Poland, Yugoslavia, Hungary}","{Poland, Yugoslavia, Hungary}","{Poland, Yugoslavia, Hungary}","{Italy, France, Poland, Hungary, Portugal, Greece, Germany, Yugoslavia}","{Italy, France, Poland, Hungary, Portugal, Greece, Germany, Yugoslavia}","{Italy, France, Poland, Hungary, Portugal, Greece, Germany, Yugoslavia}","{Italy, France, Poland, Hungary, Portugal, Greece, Holand-Netherlands, Germany, Yugoslavia}","{Italy, France, Poland, Hungary, Portugal, Greece, Holand-Netherlands, Germany, Yugoslavia}","{Italy, France, Poland, Hungary, Portugal, Greece, Holand-Netherlands, Germany, Yugoslavia}","{Italy, France, Poland, Hungary, Portugal, Greece, Holand-Netherlands, Germany, Yugoslavia}","{Italy, France, Poland, Hungary, Portugal, Greece, Holand-Netherlands, Germany, Yugoslavia}","{Italy, France, Poland, Hungary, Portugal, Greece, Holand-Netherlands, Germany, Yugoslavia}","{Italy, France, Iran, Poland, United-States, England, Hungary, ?, Mexico, Portugal, Canada, Greece, India, Holand-Netherlands, Germany, Yugoslavia, Ireland, Scotland}","{Italy, France, Iran, Poland, United-States, England, Hungary, ?, Mexico, Portugal, Canada, Greece, India, Holand-Netherlands, Germany, Yugoslavia, Ireland, Scotland}","{France, Cambodia, Holand-Netherlands, Yugoslavia, Poland, Hungary, Greece, Germany, India, Scotland, Italy, Taiwan, Iran, England, Thailand, China, Mexico, Laos, Portugal, Ireland, Philippines, Hong, United-States, Japan, ?, Canada, Vietnam}",*
Japan,"{Japan}","{China, Japan}","{China, Japan}","{China, Japan}","{China, Japan}","{China, Japan}","{China, Japan}","{China, Japan}","{China, Japan}","{China, Japan}","{Taiwan, China, Japan}","{Taiwan, China, Japan}","{Taiwan, China, Japan}","{Taiwan, China, Japan}","{Taiwan, China, Japan}","{Taiwan, China, Japan}","{Taiwan, China, Japan}","{Taiwan, China, Japan}","{Taiwan, China, Japan}","{Taiwan, China, Japan}","{Taiwan, China, Japan}","{Taiwan, China, Japan}","{Taiwan, China, Japan}","{Hong, China, Japan, Taiwan}","{Hong, China, Japan, Taiwan}","{Hong, China, Japan, Taiwan}","{Hong, China, Japan, Taiwan}","{Hong, China, Japan, Taiwan}","{Hong, China, Japan, Taiwan}","{Hong, China, Japan, Taiwan}","{Hong, China, Japan, Taiwan}","{Hong, China, Japan, Taiwan}","{Hong, China, Japan, Taiwan}","{Taiwan, Philippines, Hong, Thailand, China, Japan, Laos, Vietnam, Cambodia}","{Taiwan, Philippines, Hong, Thailand, China, Japan, Laos, Vietnam, Cambodia}","{Taiwan, Philippines, Hong, Thailand, China, Japan, Laos, Vietnam, Cambodia}","{Taiwan, Philippines, Hong, Thailand, China, Japan, Laos, Vietnam, Cambodia}","{Taiwan, Philippines, Hong, Thailand, China, Japan, Laos, Vietnam, Cambodia}","{Taiwan, Philippines, Hong, Thailand, China, Japan, Laos, Vietnam, Cambodia}","{France, Cambodia, Holand-Netherlands, Yugoslavia, Poland, Hungary, Greece, Germany, India, Scotland, Italy, Taiwan, Iran, England, Thailand, China, Mexico, Laos, Portugal, Ireland, Philippines, Hong, United-States, Japan, ?, Canada, Vietnam}",*
Canada,"{Canada}","{Canada}","{Canada}","{Canada}","{Canada}","{Canada}","{Canada}","{Canada}","{Canada}","{Canada}","{Canada}","{Canada}","{Canada}","{Canada}","{Canada}","{Canada}","{Canada}","{Canada}","{Canada, United-States}","{Canada, United-States}","{Canada, United-States}","{Canada, United-States}","{Mexico, Canada, Iran, United-States}","{Mexico, Canada, Iran, United-States}","{Mexico, Canada, Iran, United-States}","{Iran, United-States, Mexico, Canada, India}","{Iran, United-States, Mexico, Canada, India}","{Iran, United-States, Mexico, Canada, India}","{Iran, United-States, Mexico, Canada, India}","{Iran, United-States, Mexico, Canada, India}","{Iran, United-States, Mexico, Canada, India}","{Iran, United-States, Mexico, Canada, India}","{Iran, United-States, ?, Mexico, Canada, India}","{Iran, United-States, ?, Mexico, Canada, India}","{Iran, United-States, ?, Mexico, Canada, India}","{Iran, United-States, England, ?, Mexico, Canada, India, Ireland, Scotland}","{Iran, United-States, England, ?, Mexico, Canada, India, Ireland, Scotland}","{Italy, France, Iran, Poland, United-States, England, Hungary, ?, Mexico, Portugal, Canada, Greece, India, Holand-Netherlands, Germany, Yugoslavia, Ireland, Scotland}","{Italy, France, Iran, Poland, United-States, England, Hungary, ?, Mexico, Portugal, Canada, Greece, India, Holand-Netherlands, Germany, Yugoslavia, Ireland, Scotland}","{France, Cambodia, Holand-Netherlands, Yugoslavia, Poland, Hungary, Greece, Germany, India, Scotland, Italy, Taiwan, Iran, England, Thailand, China, Mexico, Laos, Portugal, Ireland, Philippines, Hong, United-States, Japan, ?, Canada, Vietnam}",*
England,"{England}","{England}","{England}","{England, Scotland}","{England, Scotland}","{England, Scotland}","{England, Scotland}","{England, Scotland}","{England, Scotland}","{England, Scotland}","{England, Scotland}","{England, Ireland, Scotland}","{England, Ireland, Scotland}","{England, Ireland, Scotland}","{England, Ireland, Scotland}","{England, Ireland, Scotland}","{England, Ireland, Scotland}","{England, Ireland, Scotland}","{England, Ireland, Scotland}","{England, Ireland, Scotland}","{England, Ireland, Scotland}","{England, Ireland, Scotland}","{England, Ireland, Scotland}","{England, Ireland, Scotland}","{England, Ireland, Scotland}","{England, Ireland, Scotland}","{England, Ireland, Scotland}","{England, Ireland, Scotland}","{England, Ireland, Scotland}","{England, Ireland, Scotland}","{England, Ireland, Scotland}","{England, Ireland, Scotland}","{England, Ireland, Scotland}","{England, Ireland, Scotland}","{England, Ireland, Scotland}","{Iran, United-States, England, ?, Mexico, Canada, India, Ireland, Scotland}","{Iran, United-States, England, ?, Mexico, Canada, India, Ireland, Scotland}","{Italy, France, Iran, Poland, United-States, England, Hungary, ?, Mexico, Portugal, Canada, Greece, India, Holand-Netherlands, Germany, Yugoslavia, Ireland, Scotland}","{Italy, France, Iran, Poland, United-States, England, Hungary, ?, Mexico, Portugal, Canada, Greece, India, Holand-Netherlands, Germany, Yugoslavia, Ireland, Scotland}","{France, Cambodia, Holand-Netherlands, Yugoslavia, Poland, Hungary, Greece, Germany, India, Scotland, Italy, Taiwan, Iran, England, Thailand, China, Mexico, Laos, Portugal, Ireland, Philippines, Hong, United-States, Japan, ?, Canada, Vietnam}",*
Taiwan,"{Taiwan}","{Taiwan}","{Taiwan}","{Taiwan}","{Taiwan}","{Taiwan}","{Taiwan}","{Taiwan}","{Taiwan}","{Taiwan}","{Taiwan, China, Japan}","{Taiwan, China, Japan}","{Taiwan, China, Japan}","{Taiwan, China, Japan}","{Taiwan, China, Japan}","{Taiwan, China, Japan}","{Taiwan, China, Japan}","{Taiwan, China, Japan}","{Taiwan, China, Japan}","{Taiwan, China, Japan}","{Taiwan, China, Japan}","{Taiwan, China, Japan}","{Taiwan, China, Japan}","{Hong, China, Japan, Taiwan}","{Hong, China, Japan, Taiwan}","{Hong, China, Japan, Taiwan}","{Hong, China, Japan, Taiwan}","{Hong, China, Japan, Taiwan}","{Hong, China, Japan, Taiwan}","{Hong, China, Japan, Taiwan}","{Hong, China, Japan, Taiwan}","{Hong, China, Japan, Taiwan}","{Hong, China, Japan, Taiwan}","{Taiwan, Philippines, Hong, Thailand, China, Japan, Laos, Vietnam, Cambodia}","{Taiwan, Philippines, Hong, Thailand, China, Japan, Laos, Vietnam, Cambodia}","{Taiwan, Philippines, Hong, Thailand, China, Japan, Laos, Vietnam, Cambodia}","{Taiwan, Philippines, Hong, Thailand, China, Japan, Laos, Vietnam, Cambodia}","{Taiwan, Philippines, Hong, Thailand, China, Japan, Laos, Vietnam, Cambodia}","{Taiwan, Philippines, Hong, Thailand, China, Japan, Laos, Vietnam, Cambodia}","{France, Cambodia, Holand-Netherlands, Yugoslavia, Poland, Hungary, Greece, Germany, India, Scotland, Italy, Taiwan, Iran, England, Thailand, China, Mexico, Laos, Portugal, Ireland, Philippines, Hong, United-States, Japan, ?, Canada, Vietnam}",*
Guatemala,"{Guatemala}","{Guatemala}","{Guatemala}","{Guatemala}","{Guatemala}","{Guatemala}","{Guatemala}","{Guatemala, Honduras, El-Salvador}","{Guatemala, Honduras, El-Salvador}","{Guatemala, Honduras, El-Salvador}","{Guatemala, Honduras, El-Salvador}","{Guatemala, Honduras, El-Salvador}","{Guatemala, Honduras, El-Salvador}","{Guatemala, Honduras, El-Salvador}","{Guatemala, Honduras, El-Salvador}","{Guatemala, Honduras, El-Salvador}","{Guatemala, Honduras, El-Salvador}","{Guatemala, Honduras, El-Salvador}","{Guatemala, Honduras, El-Salvador}","{Guatemala, Honduras, El-Salvador}","{Guatemala, Nicaragua, Honduras, El-Salvador}","{Guatemala, Nicaragua, Honduras, El-Salvador}","{Guatemala, Nicaragua, Honduras, El-Salvador}","{Guatemala, Nicaragua, Honduras, El-Salvador}","{Guatemala, Nicaragua, Honduras, El-Salvador}","{Guatemala, Nicaragua, Honduras, El-Salvador}","{Guatemala, Nicaragua, Honduras, El-Salvador}","{Honduras, Peru, Guatemala, El-Salvador, Ecuador, Nicaragua}","{Honduras, Peru, Guatemala, El-Salvador, Ecuador, Nicaragua}","{Honduras, Peru, Guatemala, El-Salvador, Ecuador, Nicaragua}","{Honduras, Peru, Guatemala, El-Salvador, Ecuador, Nicaragua}","{Honduras, Peru, Guatemala, El-Salvador, Ecuador, Nicaragua}","{Honduras, Peru, Guatemala, El-Salvador, Ecuador, Nicaragua}","{Honduras, Peru, Guatemala, El-Salvador, Ecuador, Nicaragua}","{Honduras, Peru, Guatemala, El-Salvador, Ecuador, Nicaragua}","{Honduras, Peru, Guatemala, El-Salvador, Ecuador, Nicaragua}","{Honduras, Peru, Guatemala, El-Salvador, Ecuador, Nicaragua}","{Honduras, Peru, Guatemala, El-Salvador, Ecuador, Nicaragua}","{Puerto-Rico, Honduras, Peru, Guatemala, Columbia, Haiti, Jamaica, Outlying-US(Guam-USVI-etc), El-Salvador, South, Ecuador, Dominican-Republic, Nicaragua, Cuba, Trinadad&Tobago}","{Puerto-Rico, Honduras, Peru, Guatemala, Columbia, Haiti, Jamaica, Outlying-US(Guam-USVI-etc), El-Salvador, South, Ecuador, Dominican-Republic, Nicaragua, Cuba, Trinadad&Tobago}",*
Haiti,"{Haiti}","{Haiti}","{Haiti}","{Haiti}","{Haiti}","{Haiti}","{Haiti}","{Haiti}","{Haiti}","{Haiti}","{Haiti}","{Haiti}","{Haiti}","{Haiti}","{Haiti}","{Haiti}","{Haiti, Jamaica}","{Haiti, Jamaica}","{Haiti, Jamaica}","{Haiti, Jamaica}","{Haiti, Jamaica}","{Haiti, Jamaica}","{Haiti, Jamaica}","{Haiti, Jamaica}","{Puerto-Rico, Haiti, Jamaica, Dominican-Republic, Cuba}","{Puerto-Rico, Haiti, Jamaica, Dominican-Republic, Cuba}","{Puerto-Rico, Haiti, Jamaica, Dominican-Republic, Cuba}","{Puerto-Rico, Haiti, Jamaica, Dominican-Republic, Cuba}","{Puerto-Rico, Haiti, Jamaica, Dominican-Republic, Cuba}","{Puerto-Rico, Haiti, Jamaica, Dominican-Republic, Cuba}","{Puerto-Rico, Haiti, Jamaica, Dominican-Republic, Cuba}","{Puerto-Rico, Haiti, Jamaica, Dominican-Republic, Cuba}","{Puerto-Rico, Haiti, Jamaica, Dominican-Republic, Cuba}","{Puerto-Rico, Haiti, Jamaica, Dominican-Republic, Cuba}","{Puerto-Rico, Haiti, Jamaica, Dominican-Republic, Cuba}","{Puerto-Rico, Haiti, Jamaica, Dominican-Republic, Cuba}","{Puerto-Rico, Columbia, Haiti, Jamaica, Outlying-US(Guam-USVI-etc), South, Dominican-Republic, Cuba, Trinadad&Tobago}","{Puerto-Rico, Columbia, Haiti, Jamaica, Outlying-US(Guam-USVI-etc), South, Dominican-Republic, Cuba, Trinadad&Tobago}","{Puerto-Rico, Honduras, Peru, Guatemala, Columbia, Haiti, Jamaica, Outlying-US(Guam-USVI-etc), El-Salvador, South, Ecuador, Dominican-Republic, Nicaragua, Cuba, Trinadad&Tobago}","{Puerto-Rico, Honduras, Peru, Guatemala, Columbia, Haiti, Jamaica, Outlying-US(Guam-USVI-etc), El-Salvador, South, Ecuador, Dominican-Republic, Nicaragua, Cuba, Trinadad&Tobago}",*
Scotland,"{Scotland}","{Scotland}","{Scotland}","{England, Scotland}","{England, Scotland}","{England, Scotland}","{England, Scotland}","{England, Scotland}","{England, Scotland}","{England, Scotland}","{England, Scotland}","{England, Ireland, Scotland}","{England, Ireland, Scotland}","{England, Ireland, Scotland}","{England, Ireland, Scotland}","{England, Ireland, Scotland}","{England, Ireland, Scotland}","{England, Ireland, Scotland}","{England, Ireland, Scotland}","{England, Ireland, Scotland}","{England, Ireland, Scotland}","{England, Ireland, Scotland}","{England, Ireland, Scotland}","{England, Ireland, Scotland}","{England, Ireland, Scotland}","{England, Ireland, Scotland}","{England, Ireland, Scotland}","{England, Ireland, Scotland}","{England, Ireland, Scotland}","{England, Ireland, Scotland}","{England, Ireland, Scotland}","{England, Ireland, Scotland}","{England, Ireland, Scotland}","{England, Ireland, Scotland}","{England, Ireland, Scotland}","{Iran, United-States, England, ?, Mexico, Canada, India, Ireland, Scotland}","{Iran, United-States, England, ?, Mexico, Canada, India, Ireland, Scotland}","{Italy, France, Iran, Poland, United-States, England, Hungary, ?, Mexico, Portugal, Canada, Greece, India, Holand-Netherlands, Germany, Yugoslavia, Ireland, Scotland}","{Italy, France, Iran, Poland, United-States, England, Hungary, ?, Mexico, Portugal, Canada, Greece, India, Holand-Netherlands, Germany, Yugoslavia, Ireland, Scotland}","{France, Cambodia, Holand-Netherlands, Yugoslavia, Poland, Hungary, Greece, Germany, India, Scotland, Italy, Taiwan, Iran, England, Thailand, China, Mexico, Laos, Portugal, Ireland, Philippines, Hong, United-States, Japan, ?, Canada, Vietnam}",*
Cambodia,"{Cambodia}","{Cambodia}","{Cambodia}","{Cambodia}","{Cambodia}","{Cambodia}","{Vietnam, Cambodia}","{Vietnam, Cambodia}","{Vietnam, Cambodia}","{Vietnam, Cambodia}","{Vietnam, Cambodia}","{Vietnam, Cambodia}","{Vietnam, Cambodia}","{Laos, Vietnam, Thailand, Cambodia}","{Laos, Vietnam, Thailand, Cambodia}","{Laos, Vietnam, Thailand, Cambodia}","{Laos, Vietnam, Thailand, Cambodia}","{Laos, Vietnam, Thailand, Cambodia}","{Laos, Vietnam, Thailand, Cambodia}","{Laos, Vietnam, Thailand, Cambodia}","{Laos, Vietnam, Thailand, Cambodia}","{Laos, Vietnam, Thailand, Cambodia}","{Laos, Vietnam, Thailand, Cambodia}","{Laos, Vietnam, Thailand, Cambodia}","{Laos, Vietnam, Thailand, Cambodia}","{Laos, Vietnam, Thailand, Cambodia}","{Philippines, Thailand, Laos, Vietnam, Cambodia}","{Philippines, Thailand, Laos, Vietnam, Cambodia}","{Philippines, Thailand, Laos, Vietnam, Cambodia}","{Philippines, Thailand, Laos, Vietnam, Cambodia}","{Philippines, Thailand, Laos, Vietnam, Cambodia}","{Philippines, Thailand, Laos, Vietnam, Cambodia}","{Philippines, Thailand, Laos, Vietnam, Cambodia}","{Taiwan, Philippines, Hong, Thailand, China, Japan, Laos, Vietnam, Cambodia}","{Taiwan, Philippines, Hong, Thailand, China, Japan, Laos, Vietnam, Cambodia}","{Taiwan, Philippines, Hong, Thailand, China, Japan, Laos, Vietnam, Cambodia}","{Taiwan, Philippines, Hong, Thailand, China, Japan, Laos, Vietnam, Cambodia}","{Taiwan, Philippines, Hong, Thailand, China, Japan, Laos, Vietnam, Cambodia}","{Taiwan, Philippines, Hong, Thailand, China, Japan, Laos, Vietnam, Cambodia}","{France, Cambodia, Holand-Netherlands, Yugoslavia, Poland, Hungary, Greece, Germany, India, Scotland, Italy, Taiwan, Iran, England, Thailand, China, Mexico, Laos, Portugal, Ireland, Philippines, Hong, United-States, Japan, ?, Canada, Vietnam}",*
Columbia,"{Columbia}","{Columbia}","{Columbia}","{Columbia}","{Columbia}","{Columbia}","{Columbia}","{Columbia}","{Columbia}","{Columbia}","{Columbia}","{Columbia}","{Columbia}","{Columbia}","{Columbia}","{Columbia}","{Columbia}","{Columbia}","{Columbia}","{Columbia}","{Columbia}","{Columbia}","{Columbia}","{Columbia}","{Columbia}","{Columbia}","{Columbia}","{Columbia}","{Columbia}","{Columbia}","{Columbia, South}","{Columbia, South}","{Columbia, South}","{Columbia, South}","{Columbia, Trinadad&Tobago, Outlying-US(Guam-USVI-etc), South}","{Columbia, Trinadad&Tobago, Outlying-US(Guam-USVI-etc), South}","{Puerto-Rico, Columbia, Haiti, Jamaica, Outlying-US(Guam-USVI-etc), South, Dominican-Republic, Cuba, Trinadad&Tobago}","{Puerto-Rico, Columbia, Haiti, Jamaica, Outlying-US(Guam-USVI-etc), South, Dominican-Republic, Cuba, Trinadad&Tobago}","{Puerto-Rico, Honduras, Peru, Guatemala, Columbia, Haiti, Jamaica, Outlying-US(Guam-USVI-etc), El-Salvador, South, Ecuador, Dominican-Republic, Nicaragua, Cuba, Trinadad&Tobago}","{Puerto-Rico, Honduras, Peru, Guatemala, Columbia, Haiti, Jamaica, Outlying-US(Guam-USVI-etc), El-Salvador, South, Ecuador, Dominican-Republic, Nicaragua, Cuba, Trinadad&Tobago}",*
Vietnam,"{Vietnam}","{Vietnam}","{Vietnam}","{Vietnam}","{Vietnam}","{Vietnam}","{Vietnam, Cambodia}","{Vietnam, Cambodia}","{Vietnam, Cambodia}","{Vietnam, Cambodia}","{Vietnam, Cambodia}","{Vietnam, Cambodia}","{Vietnam, Cambodia}","{Laos, Vietnam, Thailand, Cambodia}","{Laos, Vietnam, Thailand, Cambodia}","{Laos, Vietnam, Thailand, Cambodia}","{Laos, Vietnam, Thailand, Cambodia}","{Laos, Vietnam, Thailand, Cambodia}","{Laos, Vietnam, Thailand, Cambodia}","{Laos, Vietnam, Thailand, Cambodia}","{Laos, Vietnam, Thailand, Cambodia}","{Laos, Vietnam, Thailand, Cambodia}","{Laos, Vietnam, Thailand, Cambodia}","{Laos, Vietnam, Thailand, Cambodia}","{Laos, Vietnam, Thailand, Cambodia}","{Laos, Vietnam, Thailand, Cambodia}","{Philippines, Thailand, Laos, Vietnam, Cambodia}","{Philippines, Thailand, Laos, Vietnam, Cambodia}","{Philippines, Thailand, Laos, Vietnam, Cambodia}","{Philippines, Thailand, Laos, Vietnam, Cambodia}","{Philippines, Thailand, Laos, Vietnam, Cambodia}","{Philippines, Thailand, Laos, Vietnam, Cambodia}","{Philippines, Thailand, Laos, Vietnam, Cambodia}","{Taiwan, Philippines, Hong, Thailand, China, Japan, Laos, Vietnam, Cambodia}","{Taiwan, Philippines, Hong, Thailand, China, Japan, Laos, Vietnam, Cambodia}","{Taiwan, Philippines, Hong, Thailand, China, Japan, Laos, Vietnam, Cambodia}","{Taiwan, Philippines, Hong, Thailand, China, Japan, Laos, Vietnam, Cambodia}","{Taiwan, Philippines, Hong, Thailand, China, Japan, Laos, Vietnam, Cambodia}","{Taiwan, Philippines, Hong, Thailand, China, Japan, Laos, Vietnam, Cambodia}","{France, Cambodia, Holand-Netherlands, Yugoslavia, Poland, Hungary, Greece, Germany, India, Scotland, Italy, Taiwan, Iran, England, Thailand, China, Mexico, Laos, Portugal, Ireland, Philippines, Hong, United-States, Japan, ?, Canada, Vietnam}",*
India,"{India}","{India}","{India}","{India}","{India}","{India}","{India}","{India}","{India}","{India}","{India}","{India}","{India}","{India}","{India}","{India}","{India}","{India}","{India}","{India}","{India}","{India}","{India}","{India}","{India}","{Iran, United-States, Mexico, Canada, India}","{Iran, United-States, Mexico, Canada, India}","{Iran, United-States, Mexico, Canada, India}","{Iran, United-States, Mexico, Canada, India}","{Iran, United-States, Mexico, Canada, India}","{Iran, United-States, Mexico, Canada, India}","{Iran, United-States, Mexico, Canada, India}","{Iran, United-States, ?, Mexico, Canada, India}","{Iran, United-States, ?, Mexico, Canada, India}","{Iran, United-States, ?, Mexico, Canada, India}","{Iran, United-States, England, ?, Mexico, Canada, India, Ireland, Scotland}","{Iran, United-States, England, ?, Mexico, Canada, India, Ireland, Scotland}","{Italy, France, Iran, Poland, United-States, England, Hungary, ?, Mexico, Portugal, Canada, Greece, India, Holand-Netherlands, Germany, Yugoslavia, Ireland, Scotland}","{Italy, France, Iran, Poland, United-States, England, Hungary, ?, Mexico, Portugal, Canada, Greece, India, Holand-Netherlands, Germany, Yugoslavia, Ireland, Scotland}","{France, Cambodia, Holand-Netherlands, Yugoslavia, Poland, Hungary, Greece, Germany, India, Scotland, Italy, Taiwan, Iran, England, Thailand, China, Mexico, Laos, Portugal, Ireland, Philippines, Hong, United-States, Japan, ?, Canada, Vietnam}",*
Philippines,"{Philippines}","{Philippines}","{Philippines}","{Philippines}","{Philippines}","{Philippines}","{Philippines}","{Philippines}","{Philippines}","{Philippines}","{Philippines}","{Philippines}","{Philippines}","{Philippines}","{Philippines}","{Philippines}","{Philippines}","{Philippines}","{Philippines}","{Philippines}","{Philippines}","{Philippines}","{Philippines}","{Philippines}","{Philippines}","{Philippines}","{Philippines, Thailand, Laos, Vietnam, Cambodia}","{Philippines, Thailand, Laos, Vietnam, Cambodia}","{Philippines, Thailand, Laos, Vietnam, Cambodia}","{Philippines, Thailand, Laos, Vietnam, Cambodia}","{Philippines, Thailand, Laos, Vietnam, Cambodia}","{Philippines, Thailand, Laos, Vietnam, Cambodia}","{Philippines, Thailand, Laos, Vietnam, Cambodia}","{Taiwan, Philippines, Hong, Thailand, China, Japan, Laos, Vietnam, Cambodia}","{Taiwan, Philippines, Hong, Thailand, China, Japan, Laos, Vietnam, Cambodia}","{Taiwan, Philippines, Hong, Thailand, China, Japan, Laos, Vietnam, Cambodia}","{Taiwan, Philippines, Hong, Thailand, China, Japan, Laos, Vietnam, Cambodia}","{Taiwan, Philippines, Hong, Thailand, China, Japan, Laos, Vietnam, Cambodia}","{Taiwan, Philippines, Hong, Thailand, China, Japan, Laos, Vietnam, Cambodia}","{France, Cambodia, Holand-Netherlands, Yugoslavia, Poland, Hungary, Greece, Germany, India, Scotland, Italy, Taiwan, Iran, England, Thailand, China, Mexico, Laos, Portugal, Ireland, Philippines, Hong, United-States, Japan, ?, Canada, Vietnam}",*
China,"{China}","{China, Japan}","{China, Japan}","{China, Japan}","{China, Japan}","{China, Japan}","{China, Japan}","{China, Japan}","{China, Japan}","{China, Japan}","{Taiwan, China, Japan}","{Taiwan, China, Japan}","{Taiwan, China, Japan}","{Taiwan, China, Japan}","{Taiwan, China, Japan}","{Taiwan, China, Japan}","{Taiwan, China, Japan}","{Taiwan, China, Japan}","{Taiwan, China, Japan}","{Taiwan, China, Japan}","{Taiwan, China, Japan}","{Taiwan, China, Japan}","{Taiwan, China, Japan}","{Hong, China, Japan, Taiwan}","{Hong, China, Japan, Taiwan}","{Hong, China, Japan, Taiwan}","{Hong, China, Japan, Taiwan}","{Hong, China, Japan, Taiwan}","{Hong, China, Japan, Taiwan}","{Hong, China, Japan, Taiwan}","{Hong, China, Japan, Taiwan}","{Hong, China, Japan, Taiwan}","{Hong, China, Japan, Taiwan}","{Taiwan, Philippines, Hong, Thailand, China, Japan, Laos, Vietnam, Cambodia}","{Taiwan, Philippines, Hong, Thailand, China, Japan, Laos, Vietnam, Cambodia}","{Taiwan, Philippines, Hong, Thailand, China, Japan, Laos, Vietnam, Cambodia}","{Taiwan, Philippines, Hong, Thailand, China, Japan, Laos, Vietnam, Cambodia}","{Taiwan, Philippines, Hong, Thailand, China, Japan, Laos, Vietnam, Cambodia}","{Taiwan, Philippines, Hong, Thailand, China, Japan, Laos, Vietnam, Cambodia}","{France, Cambodia, Holand-Netherlands, Yugoslavia, Poland, Hungary, Greece, Germany, India, Scotland, Italy, Taiwan, Iran, England, Thailand, China, Mexico, Laos, Portugal, Ireland, Philippines, Hong, United-States, Japan, ?, Canada, Vietnam}",*
South,"{South}","{South}","{South}","{South}","{South}","{South}","{South}","{South}","{South}","{South}","{South}","{South}","{South}","{South}","{South}","{South}","{South}","{South}","{South}","{South}","{South}","{South}","{South}","{South}","{South}","{South}","{South}","{South}","{South}","{South}","{Columbia, South}","{Columbia, South}","{Columbia, South}","{Columbia, South}","{Columbia, Trinadad&Tobago, Outlying-US(Guam-USVI-etc), South}","{Columbia, Trinadad&Tobago, Outlying-US(Guam-USVI-etc), South}","{Puerto-Rico, Columbia, Haiti, Jamaica, Outlying-US(Guam-USVI-etc), South, Dominican-Republic, Cuba, Trinadad&Tobago}","{Puerto-Rico, Columbia, Haiti, Jamaica, Outlying-US(Guam-USVI-etc), South, Dominican-Republic, Cuba, Trinadad&Tobago}","{Puerto-Rico, Honduras, Peru, Guatemala, Columbia, Haiti, Jamaica, Outlying-US(Guam-USVI-etc), El-Salvador, South, Ecuador, Dominican-Republic, Nicaragua, Cuba, Trinadad&Tobago}","{Puerto-Rico, Honduras, Peru, Guatemala, Columbia, Haiti, Jamaica, Outlying-US(Guam-USVI-etc), El-Salvador, South, Ecuador, Dominican-Republic, Nicaragua, Cuba, Trinadad&Tobago}",*
