Laos,"{Laos}","{Laos}","{Laos}","{Laos}","{Laos}","{Laos}","{Laos}","{Laos}","{Laos}","{Laos}","{Laos}","{Laos}","{Laos}","{Laos}","{Laos}","{Laos}","{Laos}","{Laos}","{Laos}","{Laos}","{Laos}","{Laos}","{Laos}","{Laos}","{Laos}","{Laos}","{Laos}","{Laos}","{Laos}","{Laos}","{Laos}","{El-Salvador, Dominican-Republic, Puerto-Rico, Holand-Netherlands, Outlying-US(Guam-USVI-etc), Laos, United-States}","{El-Salvador, Dominican-Republic, Puerto-Rico, Holand-Netherlands, Outlying-US(Guam-USVI-etc), Laos, United-States}","{El-Salvador, Dominican-Republic, Puerto-Rico, Holand-Netherlands, Outlying-US(Guam-USVI-etc), Laos, United-States}","{El-Salvador, Dominican-Republic, Hong, Puerto-Rico, Holand-Netherlands, Outlying-US(Guam-USVI-etc), Laos, United-States}","{El-Salvador, Dominican-Republic, Hong, Puerto-Rico, China, Holand-Netherlands, Outlying-US(Guam-USVI-etc), Laos, United-States}","{El-Salvador, Dominican-Republic, Hong, Puerto-Rico, China, Holand-Netherlands, Outlying-US(Guam-USVI-etc), Laos, United-States}","{El-Salvador, Dominican-Republic, Hong, South, Puerto-Rico, China, Holand-Netherlands, Outlying-US(Guam-USVI-etc), Laos, United-States}","{El-Salvador, Dominican-Republic, Hong, South, Puerto-Rico, China, Holand-Netherlands, Outlying-US(Guam-USVI-etc), Laos, United-States}","{Mexico, France, Poland, India, Taiwan, Haiti, Portugal, Jamaica, Italy, Philippines, Puerto-Rico, China, Cuba, United-States, El-Salvador, Scotland, Thailand, Ecuador, Hungary, Iran, Germany, Holand-Netherlands, England, Vietnam, Laos, Japan, Dominican-Republic, Canada, Hong, Peru, Ireland, South, Greece, Outlying-US(Guam-USVI-etc), Columbia}",*
Thailand,"{Thailand}","{Thailand}","{Thailand}","{Thailand}","{Thailand}","{Thailand}","{Thailand}","{Thailand}","{Thailand}","{Thailand}","{Thailand}","{Thailand}","{Thailand}","{Thailand}","{Thailand}","{Thailand}","{Thailand}","{Thailand, Japan}","{Thailand, Japan}","{Thailand, Vietnam, Japan}","{Thailand, Vietnam, Iran, Japan}","{Thailand, Vietnam, Iran, Japan}","{Thailand, Vietnam, Iran, Japan}","{Thailand, Vietnam, Iran, Japan}","{Thailand, Vietnam, Iran, Japan}","{Thailand, Vietnam, Iran, Japan}","{Thailand, Vietnam, Iran, Japan}","{Thailand, Vietnam, Iran, Japan}","{Thailand, Vietnam, Iran, Japan}","{Thailand, Vietnam, Iran, Japan}","{Thailand, Iran, Vietnam, Japan, Columbia}","{Thailand, Iran, Vietnam, Japan, Columbia}","{Thailand, Iran, Vietnam, Japan, Columbia}","{Jamaica, Thailand, Peru, Haiti, Iran, Cuba, Vietnam, Japan, Columbia}","{Jamaica, Thailand, Peru, Haiti, Iran, Cuba, Vietnam, Japan, Columbia}","{Jamaica, Thailand, Peru, Haiti, Iran, Cuba, Vietnam, Japan, Columbia}","{Jamaica, Mexico, Canada, Thailand, Ecuador, Peru, Ireland, Iran, Philippines, Cuba, Vietnam, Japan, Columbia, India, Taiwan, Haiti}","{Jamaica, Mexico, Canada, Thailand, Ecuador, Peru, Ireland, Iran, Philippines, Cuba, Vietnam, Japan, Columbia, India, Taiwan, Haiti}","{Mexico, France, Poland, India, Taiwan, Haiti, Portugal, Jamaica, Italy, Philippines, Cuba, Scotland, Thailand, Ecuador, Hungary, Iran, Germany, England, Vietnam, Japan, Canada, Peru, Ireland, Greece, Columbia}","{Mexico, France, Poland, India, Taiwan, Haiti, Portugal, Jamaica, Italy, Philippines, Puerto-Rico, China, Cuba, United-States, El-Salvador, Scotland, Thailand, Ecuador, Hungary, Iran, Germany, Holand-Netherlands, England, Vietnam, Laos, Japan, Dominican-Republic, Canada, Hong, Peru, Ireland, South, Greece, Outlying-US(Guam-USVI-etc), Columbia}",*
Yugoslavia,"{Cambodia, Yugoslavia}","{Cambodia, Yugoslavia, ?}","{Cambodia, Yugoslavia, ?, Nicaragua}","{Cambodia, Guatemala, Nicaragua, Yugoslavia, ?}","{Cambodia, Guatemala, Nicaragua, Yugoslavia, ?, Honduras}","{Cambodia, Guatemala, Nicaragua, Yugoslavia, ?, Trinadad&Tobago, Honduras}","{Cambodia, Guatemala, Nicaragua, Yugoslavia, ?, Trinadad&Tobago, Honduras}","{Cambodia, Guatemala, Nicaragua, Yugoslavia, ?, Trinadad&Tobago, Honduras}","{Cambodia, Guatemala, Nicaragua, Yugoslavia, ?, Trinadad&Tobago, Honduras}","{Cambodia, Guatemala, Nicaragua, Yugoslavia, ?, Trinadad&Tobago, Honduras}","{Cambodia, Guatemala, Nicaragua, Yugoslavia, ?, Trinadad&Tobago, Honduras}","{Cambodia, Guatemala, Nicaragua, Yugoslavia, ?, Trinadad&Tobago, Honduras}","{Cambodia, Guatemala, Nicaragua, Yugoslavia, ?, Trinadad&Tobago, Honduras}","{Cambodia, Guatemala, Nicaragua, Yugoslavia, ?, Trinadad&Tobago, Honduras}","{Cambodia, Guatemala, Nicaragua, Yugoslavia, ?, Trinadad&Tobago, Honduras}","{Cambodia, Guatemala, Nicaragua, Yugoslavia, ?, Trinadad&Tobago, Honduras}","{Cambodia, Guatemala, Nicaragua, Yugoslavia, ?, Trinadad&Tobago, Honduras}","{Cambodia, Guatemala, Nicaragua, Yugoslavia, ?, Trinadad&Tobago, Honduras}","{Cambodia, Guatemala, Nicaragua, Yugoslavia, ?, Trinadad&Tobago, Honduras}","{Cambodia, Guatemala, Nicaragua, Yugoslavia, ?, Trinadad&Tobago, Honduras}","{Cambodia, Guatemala, Nicaragua, Yugoslavia, ?, Trinadad&Tobago, Honduras}","{Cambodia, Guatemala, Nicaragua, Yugoslavia, ?, Trinadad&Tobago, Honduras}","{Cambodia, Guatemala, Nicaragua, Yugoslavia, ?, Trinadad&Tobago, Honduras}","{Cambodia, Guatemala, Nicaragua, Yugoslavia, ?, Trinadad&Tobago, Honduras}","{Cambodia, Guatemala, Nicaragua, Yugoslavia, ?, Trinadad&Tobago, Honduras}","{Cambodia, Guatemala, Nicaragua, Yugoslavia, ?, Trinadad&Tobago, Honduras}","{Cambodia, Guatemala, Nicaragua, Yugoslavia, ?, Trinadad&Tobago, Honduras}","{Cambodia, Guatemala, Nicaragua, Yugoslavia, ?, Trinadad&Tobago, Honduras}","{Cambodia, Guatemala, Nicaragua, Yugoslavia, ?, Trinadad&Tobago, Honduras}","{Cambodia, Guatemala, Nicaragua, Yugoslavia, ?, Trinadad&Tobago, Honduras}","{Cambodia, Guatemala, Nicaragua, Yugoslavia, ?, Trinadad&Tobago, Honduras}","{Cambodia, Guatemala, Nicaragua, Yugoslavia, ?, Trinadad&Tobago, Honduras}","{Cambodia, Guatemala, Nicaragua, Yugoslavia, ?, Trinadad&Tobago, Honduras}","{Cambodia, Guatemala, Nicaragua, Yugoslavia, ?, Trinadad&Tobago, Honduras}","{Cambodia, Guatemala, Nicaragua, Yugoslavia, ?, Trinadad&Tobago, Honduras}","{Cambodia, Guatemala, Nicaragua, Yugoslavia, ?, Trinadad&Tobago, Honduras}","{Cambodia, Guatemala, Nicaragua, Yugoslavia, ?, Trinadad&Tobago, Honduras}","{Cambodia, Guatemala, Nicaragua, Yugoslavia, ?, Trinadad&Tobago, Honduras}","{Cambodia, Guatemala, Nicaragua, Yugoslavia, ?, Trinadad&Tobago, Honduras}","{Cambodia, Guatemala, Nicaragua, Yugoslavia, ?, Trinadad&Tobago, Honduras}",*
Japan,"{Japan}","{Japan}","{Japan}","{Japan}","{Japan}","{Japan}","{Japan}","{Japan}","{Japan}","{Japan}","{Japan}","{Japan}","{Japan}","{Japan}","{Japan}","{Japan}","{Japan}","{Thailand, Japan}","{Thailand, Japan}","{Thailand, Vietnam, Japan}","{Thailand, Vietnam, Iran, Japan}","{Thailand, Vietnam, Iran, Japan}","{Thailand, Vietnam, Iran, Japan}","{Thailand, Vietnam, Iran, Japan}","{Thailand, Vietnam, Iran, Japan}","{Thailand, Vietnam, Iran, Japan}","{Thailand, Vietnam, Iran, Japan}","{Thailand, Vietnam, Iran, Japan}","{Thailand, Vietnam, Iran, Japan}","{Thailand, Vietnam, Iran, Japan}","{Thailand, Iran, Vietnam, Japan, Columbia}","{Thailand, Iran, Vietnam, Japan, Columbia}","{Thailand, Iran, Vietnam, Japan, Columbia}","{Jamaica, Thailand, Peru, Haiti, Iran, Cuba, Vietnam, Japan, Columbia}","{Jamaica, Thailand, Peru, Haiti, Iran, Cuba, Vietnam, Japan, Columbia}","{Jamaica, Thailand, Peru, Haiti, Iran, Cuba, Vietnam, Japan, Columbia}","{Jamaica, Mexico, Canada, Thailand, Ecuador, Peru, Ireland, Iran, Philippines, Cuba, Vietnam, Japan, Columbia, India, Taiwan, Haiti}","{Jamaica, Mexico, Canada, Thailand, Ecuador, Peru, Ireland, Iran, Philippines, Cuba, Vietnam, Japan, Columbia, India, Taiwan, Haiti}","{Mexico, France, Poland, India, Taiwan, Haiti, Portugal, Jamaica, Italy, Philippines, Cuba, Scotland, Thailand, Ecuador, Hungary, Iran, Germany, England, Vietnam, Japan, Canada, Peru, Ireland, Greece, Columbia}","{Mexico, France, Poland, India, Taiwan, Haiti, Portugal, Jamaica, Italy, Philippines, Puerto-Rico, China, Cuba, United-States, El-Salvador, Scotland, Thailand, Ecuador, Hungary, Iran, Germany, Holand-Netherlands, England, Vietnam, Laos, Japan, Dominican-Republic, Canada, Hong, Peru, Ireland, South, Greece, Outlying-US(Guam-USVI-etc), Columbia}",*
Hong,"{Hong}","{Hong}","{Hong}","{Hong}","{Hong}","{Hong}","{Hong}","{Hong}","{Hong}","{Hong}","{Hong}","{Hong}","{Hong}","{Hong}","{Hong}","{Hong}","{Hong}","{Hong}","{Hong}","{Hong}","{Hong}","{Hong}","{Hong}","{Hong}","{Hong}","{Hong}","{Hong}","{Hong}","{Hong}","{Hong}","{Hong}","{Hong}","{Hong}","{Hong}","{El-Salvador, Dominican-Republic, Hong, Puerto-Rico, Holand-Netherlands, Outlying-US(Guam-USVI-etc), Laos, United-States}","{El-Salvador, Dominican-Republic, Hong, Puerto-Rico, China, Holand-Netherlands, Outlying-US(Guam-USVI-etc), Laos, United-States}","{El-Salvador, Dominican-Republic, Hong, Puerto-Rico, China, Holand-Netherlands, Outlying-US(Guam-USVI-etc), Laos, United-States}","{El-Salvador, Dominican-Republic, Hong, South, Puerto-Rico, China, Holand-Netherlands, Outlying-US(Guam-USVI-etc), Laos, United-States}","{El-Salvador, Dominican-Republic, Hong, South, Puerto-Rico, China, Holand-Netherlands, Outlying-US(Guam-USVI-etc), Laos, United-States}","{Mexico, France, Poland, India, Taiwan, Haiti, Portugal, Jamaica, Italy, Philippines, Puerto-Rico, China, Cuba, United-States, El-Salvador, Scotland, Thailand, Ecuador, Hungary, Iran, Germany, Holand-Netherlands, England, Vietnam, Laos, Japan, Dominican-Republic, Canada, Hong, Peru, Ireland, South, Greece, Outlying-US(Guam-USVI-etc), Columbia}",*
Dominican-Republic,"{Dominican-Republic}","{Dominican-Republic}","{Dominican-Republic}","{Dominican-Republic}","{Dominican-Republic}","{Dominican-Republic}","{Dominican-Republic}","{Dominican-Republic}","{Dominican-Republic}","{Dominican-Republic}","{Dominican-Republic}","{Dominican-Republic}","{El-Salvador, Dominican-Republic, Outlying-US(Guam-USVI-etc), Holand-Netherlands}","{El-Salvador, Dominican-Republic, Outlying-US(Guam-USVI-etc), Holand-Netherlands}","{El-Salvador, Dominican-Republic, Puerto-Rico, Holand-Netherlands, Outlying-US(Guam-USVI-etc)}","{El-Salvador, Dominican-Republic, Puerto-Rico, Holand-Netherlands, Outlying-US(Guam-USVI-etc)}","{El-Salvador, Dominican-Republic, Puerto-Rico, Holand-Netherlands, Outlying-US(Guam-USVI-etc)}","{El-Salvador, Dominican-Republic, Puerto-Rico, Holand-Netherlands, Outlying-US(Guam-USVI-etc)}","{El-Salvador, Dominican-Republic, Puerto-Rico, Holand-Netherlands, Outlying-US(Guam-USVI-etc)}","{El-Salvador, Dominican-Republic, Puerto-Rico, Holand-Netherlands, Outlying-US(Guam-USVI-etc)}","{El-Salvador, Dominican-Republic, Puerto-Rico, Holand-Netherlands, Outlying-US(Guam-USVI-etc)}","{El-Salvador, Dominican-Republic, Puerto-Rico, Holand-Netherlands, Outlying-US(Guam-USVI-etc)}","{El-Salvador, Dominican-Republic, Puerto-Rico, Holand-Netherlands, Outlying-US(Guam-USVI-etc)}","{El-Salvador, Dominican-Republic, Puerto-Rico, Holand-Netherlands, Outlying-US(Guam-USVI-etc)}","{El-Salvador, Dominican-Republic, Puerto-Rico, Holand-Netherlands, Outlying-US(Guam-USVI-etc), United-States}","{El-Salvador, Dominican-Republic, Puerto-Rico, Holand-Netherlands, Outlying-US(Guam-USVI-etc), United-States}","{El-Salvador, Dominican-Republic, Puerto-Rico, Holand-Netherlands, Outlying-US(Guam-USVI-etc), United-States}","{El-Salvador, Dominican-Republic, Puerto-Rico, Holand-Netherlands, Outlying-US(Guam-USVI-etc), United-States}","{El-Salvador, Dominican-Republic, Puerto-Rico, Holand-Netherlands, Outlying-US(Guam-USVI-etc), United-States}","{El-Salvador, Dominican-Republic, Puerto-Rico, Holand-Netherlands, Outlying-US(Guam-USVI-etc), United-States}","{El-Salvador, Dominican-Republic, Puerto-Rico, Holand-Netherlands, Outlying-US(Guam-USVI-etc), United-States}","{El-Salvador, Dominican-Republic, Puerto-Rico, Holand-Netherlands, Outlying-US(Guam-USVI-etc), Laos, United-States}","{El-Salvador, Dominican-Republic, Puerto-Rico, Holand-Netherlands, Outlying-US(Guam-USVI-etc), Laos, United-States}","{El-Salvador, Dominican-Republic, Puerto-Rico, Holand-Netherlands, Outlying-US(Guam-USVI-etc), Laos, United-States}","{El-Salvador, Dominican-Republic, Hong, Puerto-Rico, Holand-Netherlands, Outlying-US(Guam-USVI-etc), Laos, United-States}","{El-Salvador, Dominican-Republic, Hong, Puerto-Rico, China, Holand-Netherlands, Outlying-US(Guam-USVI-etc), Laos, United-States}","{El-Salvador, Dominican-Republic, Hong, Puerto-Rico, China, Holand-Netherlands, Outlying-US(Guam-USVI-etc), Laos, United-States}","{El-Salvador, Dominican-Republic, Hong, South, Puerto-Rico, China, Holand-Netherlands, Outlying-US(Guam-USVI-etc), Laos, United-States}","{El-Salvador, Dominican-Republic, Hong, South, Puerto-Rico, China, Holand-Netherlands, Outlying-US(Guam-USVI-etc), Laos, United-States}","{Mexico, France, Poland, India, Taiwan, Haiti, Portugal, Jamaica, Italy, Philippines, Puerto-Rico, China, Cuba, United-States, El-Salvador, Scotland, Thailand, Ecuador, Hungary, Iran, Germany, Holand-Netherlands, England, Vietnam, Laos, Japan, Dominican-Republic, Canada, Hong, Peru, Ireland, South, Greece, Outlying-US(Guam-USVI-etc), Columbia}",*
Mexico,"{Mexico}","{Mexico}","{Mexico}","{Mexico}","{Mexico}","{Mexico}","{Mexico}","{Mexico}","{Mexico}","{Mexico}","{Mexico}","{Mexico}","{Mexico}","{Mexico, India, Canada}","{Mexico, India, Canada}","{Mexico, India, Canada}","{Mexico, India, Canada}","{Mexico, India, Canada}","{Mexico, India, Canada}","{Mexico, India, Canada}","{Mexico, India, Canada}","{Mexico, India, Canada}","{Mexico, India, Canada}","{Mexico, India, Canada}","{Mexico, India, Canada}","{Mexico, India, Canada}","{Mexico, Canada, Ireland, Philippines, India}","{Mexico, Canada, Ireland, Philippines, India}","{Mexico, Canada, Ireland, Philippines, India}","{Mexico, Canada, Ireland, Philippines, India}","{Mexico, Canada, Ireland, Philippines, India}","{Mexico, Canada, Ireland, Philippines, India}","{Mexico, Canada, Ecuador, Ireland, Philippines, India, Taiwan}","{Mexico, Canada, Ecuador, Ireland, Philippines, India, Taiwan}","{Mexico, Canada, Ecuador, Ireland, Philippines, India, Taiwan}","{Mexico, Canada, Ecuador, Ireland, Philippines, India, Taiwan}","{Jamaica, Mexico, Canada, Thailand, Ecuador, Peru, Ireland, Iran, Philippines, Cuba, Vietnam, Japan, Columbia, India, Taiwan, Haiti}","{Jamaica, Mexico, Canada, Thailand, Ecuador, Peru, Ireland, Iran, Philippines, Cuba, Vietnam, Japan, Columbia, India, Taiwan, Haiti}","{Mexico, France, Poland, India, Taiwan, Haiti, Portugal, Jamaica, Italy, Philippines, Cuba, Scotland, Thailand, Ecuador, Hungary, Iran, Germany, England, Vietnam, Japan, Canada, Peru, Ireland, Greece, Columbia}","{Mexico, France, Poland, India, Taiwan, Haiti, Portugal, Jamaica, Italy, Philippines, Puerto-Rico, China, Cuba, United-States, El-Salvador, Scotland, Thailand, Ecuador, Hungary, Iran, Germany, Holand-Netherlands, England, Vietnam, Laos, Japan, Dominican-Republic, Canada, Hong, Peru, Ireland, South, Greece, Outlying-US(Guam-USVI-etc), Columbia}",*
Puerto-Rico,"{Puerto-Rico}","{Puerto-Rico}","{Puerto-Rico}","{Puerto-Rico}","{Puerto-Rico}","{Puerto-Rico}","{Puerto-Rico}","{Puerto-Rico}","{Puerto-Rico}","{Puerto-Rico}","{Puerto-Rico}","{Puerto-Rico}","{Puerto-Rico}","{Puerto-Rico}","{El-Salvador, Dominican-Republic, Puerto-Rico, Holand-Netherlands, Outlying-US(Guam-USVI-etc)}","{El-Salvador, Dominican-Republic, Puerto-Rico, Holand-Netherlands, Outlying-US(Guam-USVI-etc)}","{El-Salvador, Dominican-Republic, Puerto-Rico, Holand-Netherlands, Outlying-US(Guam-USVI-etc)}","{El-Salvador, Dominican-Republic, Puerto-Rico, Holand-Netherlands, Outlying-US(Guam-USVI-etc)}","{El-Salvador, Dominican-Republic, Puerto-Rico, Holand-Netherlands, Outlying-US(Guam-USVI-etc)}","{El-Salvador, Dominican-Republic, Puerto-Rico, Holand-Netherlands, Outlying-US(Guam-USVI-etc)}","{El-Salvador, Dominican-Republic, Puerto-Rico, Holand-Netherlands, Outlying-US(Guam-USVI-etc)}","{El-Salvador, Dominican-Republic, Puerto-Rico, Holand-Netherlands, Outlying-US(Guam-USVI-etc)}","{El-Salvador, Dominican-Republic, Puerto-Rico, Holand-Netherlands, Outlying-US(Guam-USVI-etc)}","{El-Salvador, Dominican-Republic, Puerto-Rico, Holand-Netherlands, Outlying-US(Guam-USVI-etc)}","{El-Salvador, Dominican-Republic, Puerto-Rico, Holand-Netherlands, Outlying-US(Guam-USVI-etc), United-States}","{El-Salvador, Dominican-Republic, Puerto-Rico, Holand-Netherlands, Outlying-US(Guam-USVI-etc), United-States}","{El-Salvador, Dominican-Republic, Puerto-Rico, Holand-Netherlands, Outlying-US(Guam-USVI-etc), United-States}","{El-Salvador, Dominican-Republic, Puerto-Rico, Holand-Netherlands, Outlying-US(Guam-USVI-etc), United-States}","{El-Salvador, Dominican-Republic, Puerto-Rico, Holand-Netherlands, Outlying-US(Guam-USVI-etc), United-States}","{El-Salvador, Dominican-Republic, Puerto-Rico, Holand-Netherlands, Outlying-US(Guam-USVI-etc), United-States}","{El-Salvador, Dominican-Republic, Puerto-Rico, Holand-Netherlands, Outlying-US(Guam-USVI-etc), United-States}","{El-Salvador, Dominican-Republic, Puerto-Rico, Holand-Netherlands, Outlying-US(Guam-USVI-etc), Laos, United-States}","{El-Salvador, Dominican-Republic, Puerto-Rico, Holand-Netherlands, Outlying-US(Guam-USVI-etc), Laos, United-States}","{El-Salvador, Dominican-Republic, Puerto-Rico, Holand-Netherlands, Outlying-US(Guam-USVI-etc), Laos, United-States}","{El-Salvador, Dominican-Republic, Hong, Puerto-Rico, Holand-Netherlands, Outlying-US(Guam-USVI-etc), Laos, United-States}","{El-Salvador, Dominican-Republic, Hong, Puerto-Rico, China, Holand-Netherlands, Outlying-US(Guam-USVI-etc), Laos, United-States}","{El-Salvador, Dominican-Republic, Hong, Puerto-Rico, China, Holand-Netherlands, Outlying-US(Guam-USVI-etc), Laos, United-States}","{El-Salvador, Dominican-Republic, Hong, South, Puerto-Rico, China, Holand-Netherlands, Outlying-US(Guam-USVI-etc), Laos, United-States}","{El-Salvador, Dominican-Republic, Hong, South, Puerto-Rico, China, Holand-Netherlands, Outlying-US(Guam-USVI-etc), Laos, United-States}","{Mexico, France, Poland, India, Taiwan, Haiti, Portugal, Jamaica, Italy, Philippines, Puerto-Rico, China, Cuba, United-States, El-Salvador, Scotland, Thailand, Ecuador, Hungary, Iran, Germany, Holand-Netherlands, England, Vietnam, Laos, Japan, Dominican-Republic, Canada, Hong, Peru, Ireland, South, Greece, Outlying-US(Guam-USVI-etc), Columbia}",*
Portugal,"{Portugal}","{Portugal}","{Portugal}","{Portugal}","{Portugal}","{Portugal}","{Portugal}","{Portugal}","{Greece, Portugal}","{Greece, Portugal}","{Greece, Portugal}","{Greece, Portugal}","{Greece, Portugal}","{Greece, Portugal}","{Greece, Portugal}","{Italy, Greece, Portugal, England}","{Italy, Greece, Portugal, England}","{Italy, Greece, Portugal, England}","{Italy, Greece, Portugal, England}","{Italy, Greece, Portugal, England}","{Italy, Greece, Portugal, England}","{Italy, Greece, Portugal, England}","{Italy, Greece, Portugal, England}","{Italy, Greece, Portugal, England}","{Italy, Greece, Portugal, England}","{Italy, Scotland, England, Greece, Portugal}","{Italy, Scotland, England, Greece, Portugal}","{France, Italy, Scotland, Hungary, Germany, Poland, England, Greece, Portugal}","{France, Italy, Scotland, Hungary, Germany, Poland, England, Greece, Portugal}","{France, Italy, Scotland, Hungary, Germany, Poland, England, Greece, Portugal}","{France, Italy, Scotland, Hungary, Germany, Poland, England, Greece, Portugal}","{France, Italy, Scotland, Hungary, Germany, Poland, England, Greece, Portugal}","{France, Italy, Scotland, Hungary, Germany, Poland, England, Greece, Portugal}","{France, Italy, Scotland, Hungary, Germany, Poland, England, Greece, Portugal}","{France, Italy, Scotland, Hungary, Germany, Poland, England, Greece, Portugal}","{France, Italy, Scotland, Hungary, Germany, Poland, England, Greece, Portugal}","{France, Italy, Scotland, Hungary, Germany, Poland, England, Greece, Portugal}","{France, Italy, Scotland, Hungary, Germany, Poland, England, Greece, Portugal}","{Mexico, France, Poland, India, Taiwan, Haiti, Portugal, Jamaica, Italy, Philippines, Cuba, Scotland, Thailand, Ecuador, Hungary, Iran, Germany, England, Vietnam, Japan, Canada, Peru, Ireland, Greece, Columbia}","{Mexico, France, Poland, India, Taiwan, Haiti, Portugal, Jamaica, Italy, Philippines, Puerto-Rico, China, Cuba, United-States, El-Salvador, Scotland, Thailand, Ecuador, Hungary, Iran, Germany, Holand-Netherlands, England, Vietnam, Laos, Japan, Dominican-Republic, Canada, Hong, Peru, Ireland, South, Greece, Outlying-US(Guam-USVI-etc), Columbia}",*
Cambodia,"{Cambodia, Yugoslavia}","{Cambodia, Yugoslavia, ?}","{Cambodia, Yugoslavia, ?, Nicaragua}","{Cambodia, Guatemala, Nicaragua, Yugoslavia, ?}","{Cambodia, Guatemala, Nicaragua, Yugoslavia, ?, Honduras}","{Cambodia, Guatemala, Nicaragua, Yugoslavia, ?, Trinadad&Tobago, Honduras}","{Cambodia, Guatemala, Nicaragua, Yugoslavia, ?, Trinadad&Tobago, Honduras}","{Cambodia, Guatemala, Nicaragua, Yugoslavia, ?, Trinadad&Tobago, Honduras}","{Cambodia, Guatemala, Nicaragua, Yugoslavia, ?, Trinadad&Tobago, Honduras}","{Cambodia, Guatemala, Nicaragua, Yugoslavia, ?, Trinadad&Tobago, Honduras}","{Cambodia, Guatemala, Nicaragua, Yugoslavia, ?, Trinadad&Tobago, Honduras}","{Cambodia, Guatemala, Nicaragua, Yugoslavia, ?, Trinadad&Tobago, Honduras}","{Cambodia, Guatemala, Nicaragua, Yugoslavia, ?, Trinadad&Tobago, Honduras}","{Cambodia, Guatemala, Nicaragua, Yugoslavia, ?, Trinadad&Tobago, Honduras}","{Cambodia, Guatemala, Nicaragua, Yugoslavia, ?, Trinadad&Tobago, Honduras}","{Cambodia, Guatemala, Nicaragua, Yugoslavia, ?, Trinadad&Tobago, Honduras}","{Cambodia, Guatemala, Nicaragua, Yugoslavia, ?, Trinadad&Tobago, Honduras}","{Cambodia, Guatemala, Nicaragua, Yugoslavia, ?, Trinadad&Tobago, Honduras}","{Cambodia, Guatemala, Nicaragua, Yugoslavia, ?, Trinadad&Tobago, Honduras}","{Cambodia, Guatemala, Nicaragua, Yugoslavia, ?, Trinadad&Tobago, Honduras}","{Cambodia, Guatemala, Nicaragua, Yugoslavia, ?, Trinadad&Tobago, Honduras}","{Cambodia, Guatemala, Nicaragua, Yugoslavia, ?, Trinadad&Tobago, Honduras}","{Cambodia, Guatemala, Nicaragua, Yugoslavia, ?, Trinadad&Tobago, Honduras}","{Cambodia, Guatemala, Nicaragua, Yugoslavia, ?, Trinadad&Tobago, Honduras}","{Cambodia, Guatemala, Nicaragua, Yugoslavia, ?, Trinadad&Tobago, Honduras}","{Cambodia, Guatemala, Nicaragua, Yugoslavia, ?, Trinadad&Tobago, Honduras}","{Cambodia, Guatemala, Nicaragua, Yugoslavia, ?, Trinadad&Tobago, Honduras}","{Cambodia, Guatemala, Nicaragua, Yugoslavia, ?, Trinadad&Tobago, Honduras}","{Cambodia, Guatemala, Nicaragua, Yugoslavia, ?, Trinadad&Tobago, Honduras}","{Cambodia, Guatemala, Nicaragua, Yugoslavia, ?, Trinadad&Tobago, Honduras}","{Cambodia, Guatemala, Nicaragua, Yugoslavia, ?, Trinadad&Tobago, Honduras}","{Cambodia, Guatemala, Nicaragua, Yugoslavia, ?, Trinadad&Tobago, Honduras}","{Cambodia, Guatemala, Nicaragua, Yugoslavia, ?, Trinadad&Tobago, Honduras}","{Cambodia, Guatemala, Nicaragua, Yugoslavia, ?, Trinadad&Tobago, Honduras}","{Cambodia, Guatemala, Nicaragua, Yugoslavia, ?, Trinadad&Tobago, Honduras}","{Cambodia, Guatemala, Nicaragua, Yugoslavia, ?, Trinadad&Tobago, Honduras}","{Cambodia, Guatemala, Nicaragua, Yugoslavia, ?, Trinadad&Tobago, Honduras}","{Cambodia, Guatemala, Nicaragua, Yugoslavia, ?, Trinadad&Tobago, Honduras}","{Cambodia, Guatemala, Nicaragua, Yugoslavia, ?, Trinadad&Tobago, Honduras}","{Cambodia, Guatemala, Nicaragua, Yugoslavia, ?, Trinadad&Tobago, Honduras}",*
Ireland,"{Ireland}","{Ireland}","{Ireland}","{Ireland}","{Ireland}","{Ireland}","{Ireland}","{Ireland}","{Ireland}","{Ireland}","{Ireland}","{Ireland}","{Ireland}","{Ireland}","{Ireland}","{Ireland}","{Ireland}","{Ireland}","{Ireland}","{Ireland}","{Ireland}","{Philippines, Ireland}","{Philippines, Ireland}","{Philippines, Ireland}","{Philippines, Ireland}","{Philippines, Ireland}","{Mexico, Canada, Ireland, Philippines, India}","{Mexico, Canada, Ireland, Philippines, India}","{Mexico, Canada, Ireland, Philippines, India}","{Mexico, Canada, Ireland, Philippines, India}","{Mexico, Canada, Ireland, Philippines, India}","{Mexico, Canada, Ireland, Philippines, India}","{Mexico, Canada, Ecuador, Ireland, Philippines, India, Taiwan}","{Mexico, Canada, Ecuador, Ireland, Philippines, India, Taiwan}","{Mexico, Canada, Ecuador, Ireland, Philippines, India, Taiwan}","{Mexico, Canada, Ecuador, Ireland, Philippines, India, Taiwan}","{Jamaica, Mexico, Canada, Thailand, Ecuador, Peru, Ireland, Iran, Philippines, Cuba, Vietnam, Japan, Columbia, India, Taiwan, Haiti}","{Jamaica, Mexico, Canada, Thailand, Ecuador, Peru, Ireland, Iran, Philippines, Cuba, Vietnam, Japan, Columbia, India, Taiwan, Haiti}","{Mexico, France, Poland, India, Taiwan, Haiti, Portugal, Jamaica, Italy, Philippines, Cuba, Scotland, Thailand, Ecuador, Hungary, Iran, Germany, England, Vietnam, Japan, Canada, Peru, Ireland, Greece, Columbia}","{Mexico, France, Poland, India, Taiwan, Haiti, Portugal, Jamaica, Italy, Philippines, Puerto-Rico, China, Cuba, United-States, El-Salvador, Scotland, Thailand, Ecuador, Hungary, Iran, Germany, Holand-Netherlands, England, Vietnam, Laos, Japan, Dominican-Republic, Canada, Hong, Peru, Ireland, South, Greece, Outlying-US(Guam-USVI-etc), Columbia}",*
China,"{China}","{China}","{China}","{China}","{China}","{China}","{China}","{China}","{China}","{China}","{China}","{China}","{China}","{China}","{China}","{China}","{China}","{China}","{China}","{China}","{China}","{China}","{China}","{China}","{China}","{China}","{China}","{China}","{China}","{China}","{China}","{China}","{China}","{China}","{China}","{El-Salvador, Dominican-Republic, Hong, Puerto-Rico, China, Holand-Netherlands, Outlying-US(Guam-USVI-etc), Laos, United-States}","{El-Salvador, Dominican-Republic, Hong, Puerto-Rico, China, Holand-Netherlands, Outlying-US(Guam-USVI-etc), Laos, United-States}","{El-Salvador, Dominican-Republic, Hong, South, Puerto-Rico, China, Holand-Netherlands, Outlying-US(Guam-USVI-etc), Laos, United-States}","{El-Salvador, Dominican-Republic, Hong, South, Puerto-Rico, China, Holand-Netherlands, Outlying-US(Guam-USVI-etc), Laos, United-States}","{Mexico, France, Poland, India, Taiwan, Haiti, Portugal, Jamaica, Italy, Philippines, Puerto-Rico, China, Cuba, United-States, El-Salvador, Scotland, Thailand, Ecuador, Hungary, Iran, Germany, Holand-Netherlands, England, Vietnam, Laos, Japan, Dominican-Republic, Canada, Hong, Peru, Ireland, South, Greece, Outlying-US(Guam-USVI-etc), Columbia}",*
?,"{?}","{Cambodia, Yugoslavia, ?}","{Cambodia, Yugoslavia, ?, Nicaragua}","{Cambodia, Guatemala, Nicaragua, Yugoslavia, ?}","{Cambodia, Guatemala, Nicaragua, Yugoslavia, ?, Honduras}","{Cambodia, Guatemala, Nicaragua, Yugoslavia, ?, Trinadad&Tobago, Honduras}","{Cambodia, Guatemala, Nicaragua, Yugoslavia, ?, Trinadad&Tobago, Honduras}","{Cambodia, Guatemala, Nicaragua, Yugoslavia, ?, Trinadad&Tobago, Honduras}","{Cambodia, Guatemala, Nicaragua, Yugoslavia, ?, Trinadad&Tobago, Honduras}","{Cambodia, Guatemala, Nicaragua, Yugoslavia, ?, Trinadad&Tobago, Honduras}","{Cambodia, Guatemala, Nicaragua, Yugoslavia, ?, Trinadad&Tobago, Honduras}","{Cambodia, Guatemala, Nicaragua, Yugoslavia, ?, Trinadad&Tobago, Honduras}","{Cambodia, Guatemala, Nicaragua, Yugoslavia, ?, Trinadad&Tobago, Honduras}","{Cambodia, Guatemala, Nicaragua, Yugoslavia, ?, Trinadad&Tobago, Honduras}","{Cambodia, Guatemala, Nicaragua, Yugoslavia, ?, Trinadad&Tobago, Honduras}","{Cambodia, Guatemala, Nicaragua, Yugoslavia, ?, Trinadad&Tobago, Honduras}","{Cambodia, Guatemala, Nicaragua, Yugoslavia, ?, Trinadad&Tobago, Honduras}","{Cambodia, Guatemala, Nicaragua, Yugoslavia, ?, Trinadad&Tobago, Honduras}","{Cambodia, Guatemala, Nicaragua, Yugoslavia, ?, Trinadad&Tobago, Honduras}","{Cambodia, Guatemala, Nicaragua, Yugoslavia, ?, Trinadad&Tobago, Honduras}","{Cambodia, Guatemala, Nicaragua, Yugoslavia, ?, Trinadad&Tobago, Honduras}","{Cambodia, Guatemala, Nicaragua, Yugoslavia, ?, Trinadad&Tobago, Honduras}","{Cambodia, Guatemala, Nicaragua, Yugoslavia, ?, Trinadad&Tobago, Honduras}","{Cambodia, Guatemala, Nicaragua, Yugoslavia, ?, Trinadad&Tobago, Honduras}","{Cambodia, Guatemala, Nicaragua, Yugoslavia, ?, Trinadad&Tobago, Honduras}","{Cambodia, Guatemala, Nicaragua, Yugoslavia, ?, Trinadad&Tobago, Honduras}","{Cambodia, Guatemala, Nicaragua, Yugoslavia, ?, Trinadad&Tobago, Honduras}","{Cambodia, Guatemala, Nicaragua, Yugoslavia, ?, Trinadad&Tobago, Honduras}","{Cambodia, Guatemala, Nicaragua, Yugoslavia, ?, Trinadad&Tobago, Honduras}","{Cambodia, Guatemala, Nicaragua, Yugoslavia, ?, Trinadad&Tobago, Honduras}","{Cambodia, Guatemala, Nicaragua, Yugoslavia, ?, Trinadad&Tobago, Honduras}","{Cambodia, Guatemala, Nicaragua, Yugoslavia, ?, Trinadad&Tobago, Honduras}","{Cambodia, Guatemala, Nicaragua, Yugoslavia, ?, Trinadad&Tobago, Honduras}","{Cambodia, Guatemala, Nicaragua, Yugoslavia, ?, Trinadad&Tobago, Honduras}","{Cambodia, Guatemala, Nicaragua, Yugoslavia, ?, Trinadad&Tobago, Honduras}","{Cambodia, Guatemala, Nicaragua, Yugoslavia, ?, Trinadad&Tobago, Honduras}","{Cambodia, Guatemala, Nicaragua, Yugoslavia, ?, Trinadad&Tobago, Honduras}","{Cambodia, Guatemala, Nicaragua, Yugoslavia, ?, Trinadad&Tobago, Honduras}","{Cambodia, Guatemala, Nicaragua, Yugoslavia, ?, Trinadad&Tobago, Honduras}","{Cambodia, Guatemala, Nicaragua, Yugoslavia, ?, Trinadad&Tobago, Honduras}",*
Germany,"{Germany}","{Germany}","{Germany}","{Germany}","{Germany}","{Germany}","{Germany}","{Germany}","{Germany}","{Germany}","{Germany}","{Germany, France}","{Germany, France}","{Germany, France}","{Germany, France}","{Germany, France}","{Germany, France}","{Germany, France}","{Germany, France, Poland}","{Germany, France, Poland}","{Germany, France, Poland}","{Germany, France, Poland}","{Germany, France, Hungary, Poland}","{Germany, France, Hungary, Poland}","{Germany, France, Hungary, Poland}","{Germany, France, Hungary, Poland}","{Germany, France, Hungary, Poland}","{France, Italy, Scotland, Hungary, Germany, Poland, England, Greece, Portugal}","{France, Italy, Scotland, Hungary, Germany, Poland, England, Greece, Portugal}","{France, Italy, Scotland, Hungary, Germany, Poland, England, Greece, Portugal}","{France, Italy, Scotland, Hungary, Germany, Poland, England, Greece, Portugal}","{France, Italy, Scotland, Hungary, Germany, Poland, England, Greece, Portugal}","{France, Italy, Scotland, Hungary, Germany, Poland, England, Greece, Portugal}","{France, Italy, Scotland, Hungary, Germany, Poland, England, Greece, Portugal}","{France, Italy, Scotland, Hungary, Germany, Poland, England, Greece, Portugal}","{France, Italy, Scotland, Hungary, Germany, Poland, England, Greece, Portugal}","{France, Italy, Scotland, Hungary, Germany, Poland, England, Greece, Portugal}","{France, Italy, Scotland, Hungary, Germany, Poland, England, Greece, Portugal}","{Mexico, France, Poland, India, Taiwan, Haiti, Portugal, Jamaica, Italy, Philippines, Cuba, Scotland, Thailand, Ecuador, Hungary, Iran, Germany, England, Vietnam, Japan, Canada, Peru, Ireland, Greece, Columbia}","{Mexico, France, Poland, India, Taiwan, Haiti, Portugal, Jamaica, Italy, Philippines, Puerto-Rico, China, Cuba, United-States, El-Salvador, Scotland, Thailand, Ecuador, Hungary, Iran, Germany, Holand-Netherlands, England, Vietnam, Laos, Japan, Dominican-Republic, Canada, Hong, Peru, Ireland, South, Greece, Outlying-US(Guam-USVI-etc), Columbia}",*
South,"{South}","{South}","{South}","{South}","{South}","{South}","{South}","{South}","{South}","{South}","{South}","{South}","{South}","{South}","{South}","{South}","{South}","{South}","{South}","{South}","{South}","{South}","{South}","{South}","{South}","{South}","{South}","{South}","{South}","{South}","{South}","{South}","{South}","{South}","{South}","{South}","{South}","{El-Salvador, Dominican-Republic, Hong, South, Puerto-Rico, China, Holand-Netherlands, Outlying-US(Guam-USVI-etc), Laos, United-States}","{El-Salvador, Dominican-Republic, Hong, South, Puerto-Rico, China, Holand-Netherlands, Outlying-US(Guam-USVI-etc), Laos, United-States}","{Mexico, France, Poland, India, Taiwan, Haiti, Portugal, Jamaica, Italy, Philippines, Puerto-Rico, China, Cuba, United-States, El-Salvador, Scotland, Thailand, Ecuador, Hungary, Iran, Germany, Holand-Netherlands, England, Vietnam, Laos, Japan, Dominican-Republic, Canada, Hong, Peru, Ireland, South, Greece, Outlying-US(Guam-USVI-etc), Columbia}",*
Nicaragua,"{Nicaragua}","{Nicaragua}","{Cambodia, Yugoslavia, ?, Nicaragua}","{Cambodia, Guatemala, Nicaragua, Yugoslavia, ?}","{Cambodia, Guatemala, Nicaragua, Yugoslavia, ?, Honduras}","{Cambodia, Guatemala, Nicaragua, Yugoslavia, ?, Trinadad&Tobago, Honduras}","{Cambodia, Guatemala, Nicaragua, Yugoslavia, ?, Trinadad&Tobago, Honduras}","{Cambodia, Guatemala, Nicaragua, Yugoslavia, ?, Trinadad&Tobago, Honduras}","{Cambodia, Guatemala, Nicaragua, Yugoslavia, ?, Trinadad&Tobago, Honduras}","{Cambodia, Guatemala, Nicaragua, Yugoslavia, ?, Trinadad&Tobago, Honduras}","{Cambodia, Guatemala, Nicaragua, Yugoslavia, ?, Trinadad&Tobago, Honduras}","{Cambodia, Guatemala, Nicaragua, Yugoslavia, ?, Trinadad&Tobago, Honduras}","{Cambodia, Guatemala, Nicaragua, Yugoslavia, ?, Trinadad&Tobago, Honduras}","{Cambodia, Guatemala, Nicaragua, Yugoslavia, ?, Trinadad&Tobago, Honduras}","{Cambodia, Guatemala, Nicaragua, Yugoslavia, ?, Trinadad&Tobago, Honduras}","{Cambodia, Guatemala, Nicaragua, Yugoslavia, ?, Trinadad&Tobago, Honduras}","{Cambodia, Guatemala, Nicaragua, Yugoslavia, ?, Trinadad&Tobago, Honduras}","{Cambodia, Guatemala, Nicaragua, Yugoslavia, ?, Trinadad&Tobago, Honduras}","{Cambodia, Guatemala, Nicaragua, Yugoslavia, ?, Trinadad&Tobago, Honduras}","{Cambodia, Guatemala, Nicaragua, Yugoslavia, ?, Trinadad&Tobago, Honduras}","{Cambodia, Guatemala, Nicaragua, Yugoslavia, ?, Trinadad&Tobago, Honduras}","{Cambodia, Guatemala, Nicaragua, Yugoslavia, ?, Trinadad&Tobago, Honduras}","{Cambodia, Guatemala, Nicaragua, Yugoslavia, ?, Trinadad&Tobago, Honduras}","{Cambodia, Guatemala, Nicaragua, Yugoslavia, ?, Trinadad&Tobago, Honduras}","{Cambodia, Guatemala, Nicaragua, Yugoslavia, ?, Trinadad&Tobago, Honduras}","{Cambodia, Guatemala, Nicaragua, Yugoslavia, ?, Trinadad&Tobago, Honduras}","{Cambodia, Guatemala, Nicaragua, Yugoslavia, ?, Trinadad&Tobago, Honduras}","{Cambodia, Guatemala, Nicaragua, Yugoslavia, ?, Trinadad&Tobago, Honduras}","{Cambodia, Guatemala, Nicaragua, Yugoslavia, ?, Trinadad&Tobago, Honduras}","{Cambodia, Guatemala, Nicaragua, Yugoslavia, ?, Trinadad&Tobago, Honduras}","{Cambodia, Guatemala, Nicaragua, Yugoslavia, ?, Trinadad&Tobago, Honduras}","{Cambodia, Guatemala, Nicaragua, Yugoslavia, ?, Trinadad&Tobago, Honduras}","{Cambodia, Guatemala, Nicaragua, Yugoslavia, ?, Trinadad&Tobago, Honduras}","{Cambodia, Guatemala, Nicaragua, Yugoslavia, ?, Trinadad&Tobago, Honduras}","{Cambodia, Guatemala, Nicaragua, Yugoslavia, ?, Trinadad&Tobago, Honduras}","{Cambodia, Guatemala, Nicaragua, Yugoslavia, ?, Trinadad&Tobago, Honduras}","{Cambodia, Guatemala, Nicaragua, Yugoslavia, ?, Trinadad&Tobago, Honduras}","{Cambodia, Guatemala, Nicaragua, Yugoslavia, ?, Trinadad&Tobago, Honduras}","{Cambodia, Guatemala, Nicaragua, Yugoslavia, ?, Trinadad&Tobago, Honduras}","{Cambodia, Guatemala, Nicaragua, Yugoslavia, ?, Trinadad&Tobago, Honduras}",*
El-Salvador,"{El-Salvador}","{El-Salvador}","{El-Salvador}","{El-Salvador}","{El-Salvador}","{El-Salvador}","{El-Salvador}","{El-Salvador, Holand-Netherlands, Outlying-US(Guam-USVI-etc)}","{El-Salvador, Holand-Netherlands, Outlying-US(Guam-USVI-etc)}","{El-Salvador, Holand-Netherlands, Outlying-US(Guam-USVI-etc)}","{El-Salvador, Holand-Netherlands, Outlying-US(Guam-USVI-etc)}","{El-Salvador, Holand-Netherlands, Outlying-US(Guam-USVI-etc)}","{El-Salvador, Dominican-Republic, Outlying-US(Guam-USVI-etc), Holand-Netherlands}","{El-Salvador, Dominican-Republic, Outlying-US(Guam-USVI-etc), Holand-Netherlands}","{El-Salvador, Dominican-Republic, Puerto-Rico, Holand-Netherlands, Outlying-US(Guam-USVI-etc)}","{El-Salvador, Dominican-Republic, Puerto-Rico, Holand-Netherlands, Outlying-US(Guam-USVI-etc)}","{El-Salvador, Dominican-Republic, Puerto-Rico, Holand-Netherlands, Outlying-US(Guam-USVI-etc)}","{El-Salvador, Dominican-Republic, Puerto-Rico, Holand-Netherlands, Outlying-US(Guam-USVI-etc)}","{El-Salvador, Dominican-Republic, Puerto-Rico, Holand-Netherlands, Outlying-US(Guam-USVI-etc)}","{El-Salvador, Dominican-Republic, Puerto-Rico, Holand-Netherlands, Outlying-US(Guam-USVI-etc)}","{El-Salvador, Dominican-Republic, Puerto-Rico, Holand-Netherlands, Outlying-US(Guam-USVI-etc)}","{El-Salvador, Dominican-Republic, Puerto-Rico, Holand-Netherlands, Outlying-US(Guam-USVI-etc)}","{El-Salvador, Dominican-Republic, Puerto-Rico, Holand-Netherlands, Outlying-US(Guam-USVI-etc)}","{El-Salvador, Dominican-Republic, Puerto-Rico, Holand-Netherlands, Outlying-US(Guam-USVI-etc)}","{El-Salvador, Dominican-Republic, Puerto-Rico, Holand-Netherlands, Outlying-US(Guam-USVI-etc), United-States}","{El-Salvador, Dominican-Republic, Puerto-Rico, Holand-Netherlands, Outlying-US(Guam-USVI-etc), United-States}","{El-Salvador, Dominican-Republic, Puerto-Rico, Holand-Netherlands, Outlying-US(Guam-USVI-etc), United-States}","{El-Salvador, Dominican-Republic, Puerto-Rico, Holand-Netherlands, Outlying-US(Guam-USVI-etc), United-States}","{El-Salvador, Dominican-Republic, Puerto-Rico, Holand-Netherlands, Outlying-US(Guam-USVI-etc), United-States}","{El-Salvador, Dominican-Republic, Puerto-Rico, Holand-Netherlands, Outlying-US(Guam-USVI-etc), United-States}","{El-Salvador, Dominican-Republic, Puerto-Rico, Holand-Netherlands, Outlying-US(Guam-USVI-etc), United-States}","{El-Salvador, Dominican-Republic, Puerto-Rico, Holand-Netherlands, Outlying-US(Guam-USVI-etc), Laos, United-States}","{El-Salvador, Dominican-Republic, Puerto-Rico, Holand-Netherlands, Outlying-US(Guam-USVI-etc), Laos, United-States}","{El-Salvador, Dominican-Republic, Puerto-Rico, Holand-Netherlands, Outlying-US(Guam-USVI-etc), Laos, United-States}","{El-Salvador, Dominican-Republic, Hong, Puerto-Rico, Holand-Netherlands, Outlying-US(Guam-USVI-etc), Laos, United-States}","{El-Salvador, Dominican-Republic, Hong, Puerto-Rico, China, Holand-Netherlands, Outlying-US(Guam-USVI-etc), Laos, United-States}","{El-Salvador, Dominican-Republic, Hong, Puerto-Rico, China, Holand-Netherlands, Outlying-US(Guam-USVI-etc), Laos, United-States}","{El-Salvador, Dominican-Republic, Hong, South, Puerto-Rico, China, Holand-Netherlands, Outlying-US(Guam-USVI-etc), Laos, United-States}","{El-Salvador, Dominican-Republic, Hong, South, Puerto-Rico, China, Holand-Netherlands, Outlying-US(Guam-USVI-etc), Laos, United-States}","{Mexico, France, Poland, India, Taiwan, Haiti, Portugal, Jamaica, Italy, Philippines, Puerto-Rico, China, Cuba, United-States, El-Salvador, Scotland, Thailand, Ecuador, Hungary, Iran, Germany, Holand-Netherlands, England, Vietnam, Laos, Japan, Dominican-Republic, Canada, Hong, Peru, Ireland, South, Greece, Outlying-US(Guam-USVI-etc), Columbia}",*
Haiti,"{Haiti}","{Haiti}","{Haiti}","{Haiti}","{Haiti}","{Haiti}","{Haiti}","{Haiti}","{Haiti}","{Haiti}","{Haiti}","{Haiti}","{Haiti}","{Haiti}","{Haiti}","{Haiti}","{Haiti}","{Haiti}","{Haiti}","{Haiti}","{Haiti}","{Haiti}","{Haiti}","{Haiti}","{Haiti}","{Haiti}","{Haiti}","{Haiti}","{Jamaica, Peru, Cuba, Haiti}","{Jamaica, Peru, Cuba, Haiti}","{Jamaica, Peru, Cuba, Haiti}","{Jamaica, Peru, Cuba, Haiti}","{Jamaica, Peru, Cuba, Haiti}","{Jamaica, Thailand, Peru, Haiti, Iran, Cuba, Vietnam, Japan, Columbia}","{Jamaica, Thailand, Peru, Haiti, Iran, Cuba, Vietnam, Japan, Columbia}","{Jamaica, Thailand, Peru, Haiti, Iran, Cuba, Vietnam, Japan, Columbia}","{Jamaica, Mexico, Canada, Thailand, Ecuador, Peru, Ireland, Iran, Philippines, Cuba, Vietnam, Japan, Columbia, India, Taiwan, Haiti}","{Jamaica, Mexico, Canada, Thailand, Ecuador, Peru, Ireland, Iran, Philippines, Cuba, Vietnam, Japan, Columbia, India, Taiwan, Haiti}","{Mexico, France, Poland, India, Taiwan, Haiti, Portugal, Jamaica, Italy, Philippines, Cuba, Scotland, Thailand, Ecuador, Hungary, Iran, Germany, England, Vietnam, Japan, Canada, Peru, Ireland, Greece, Columbia}","{Mexico, France, Poland, India, Taiwan, Haiti, Portugal, Jamaica, Italy, Philippines, Puerto-Rico, China, Cuba, United-States, El-Salvador, Scotland, Thailand, Ecuador, Hungary, Iran, Germany, Holand-Netherlands, England, Vietnam, Laos, Japan, Dominican-Republic, Canada, Hong, Peru, Ireland, South, Greece, Outlying-US(Guam-USVI-etc), Columbia}",*
Holand-Netherlands,"{Holand-Netherlands}","{Holand-Netherlands}","{Holand-Netherlands}","{Holand-Netherlands}","{Holand-Netherlands}","{Holand-Netherlands}","{Holand-Netherlands, Outlying-US(Guam-USVI-etc)}","{El-Salvador, Holand-Netherlands, Outlying-US(Guam-USVI-etc)}","{El-Salvador, Holand-Netherlands, Outlying-US(Guam-USVI-etc)}","{El-Salvador, Holand-Netherlands, Outlying-US(Guam-USVI-etc)}","{El-Salvador, Holand-Netherlands, Outlying-US(Guam-USVI-etc)}","{El-Salvador, Holand-Netherlands, Outlying-US(Guam-USVI-etc)}","{El-Salvador, Dominican-Republic, Outlying-US(Guam-USVI-etc), Holand-Netherlands}","{El-Salvador, Dominican-Republic, Outlying-US(Guam-USVI-etc), Holand-Netherlands}","{El-Salvador, Dominican-Republic, Puerto-Rico, Holand-Netherlands, Outlying-US(Guam-USVI-etc)}","{El-Salvador, Dominican-Republic, Puerto-Rico, Holand-Netherlands, Outlying-US(Guam-USVI-etc)}","{El-Salvador, Dominican-Republic, Puerto-Rico, Holand-Netherlands, Outlying-US(Guam-USVI-etc)}","{El-Salvador, Dominican-Republic, Puerto-Rico, Holand-Netherlands, Outlying-US(Guam-USVI-etc)}","{El-Salvador, Dominican-Republic, Puerto-Rico, Holand-Netherlands, Outlying-US(Guam-USVI-etc)}","{El-Salvador, Dominican-Republic, Puerto-Rico, Holand-Netherlands, Outlying-US(Guam-USVI-etc)}","{El-Salvador, Dominican-Republic, Puerto-Rico, Holand-Netherlands, Outlying-US(Guam-USVI-etc)}","{El-Salvador, Dominican-Republic, Puerto-Rico, Holand-Netherlands, Outlying-US(Guam-USVI-etc)}","{El-Salvador, Dominican-Republic, Puerto-Rico, Holand-Netherlands, Outlying-US(Guam-USVI-etc)}","{El-Salvador, Dominican-Republic, Puerto-Rico, Holand-Netherlands, Outlying-US(Guam-USVI-etc)}","{El-Salvador, Dominican-Republic, Puerto-Rico, Holand-Netherlands, Outlying-US(Guam-USVI-etc), United-States}","{El-Salvador, Dominican-Republic, Puerto-Rico, Holand-Netherlands, Outlying-US(Guam-USVI-etc), United-States}","{El-Salvador, Dominican-Republic, Puerto-Rico, Holand-Netherlands, Outlying-US(Guam-USVI-etc), United-States}","{El-Salvador, Dominican-Republic, Puerto-Rico, Holand-Netherlands, Outlying-US(Guam-USVI-etc), United-States}","{El-Salvador, Dominican-Republic, Puerto-Rico, Holand-Netherlands, Outlying-US(Guam-USVI-etc), United-States}","{El-Salvador, Dominican-Republic, Puerto-Rico, Holand-Netherlands, Outlying-US(Guam-USVI-etc), United-States}","{El-Salvador, Dominican-Republic, Puerto-Rico, Holand-Netherlands, Outlying-US(Guam-USVI-etc), United-States}","{El-Salvador, Dominican-Republic, Puerto-Rico, Holand-Netherlands, Outlying-US(Guam-USVI-etc), Laos, United-States}","{El-Salvador, Dominican-Republic, Puerto-Rico, Holand-Netherlands, Outlying-US(Guam-USVI-etc), Laos, United-States}","{El-Salvador, Dominican-Republic, Puerto-Rico, Holand-Netherlands, Outlying-US(Guam-USVI-etc), Laos, United-States}","{El-Salvador, Dominican-Republic, Hong, Puerto-Rico, Holand-Netherlands, Outlying-US(Guam-USVI-etc), Laos, United-States}","{El-Salvador, Dominican-Republic, Hong, Puerto-Rico, China, Holand-Netherlands, Outlying-US(Guam-USVI-etc), Laos, United-States}","{El-Salvador, Dominican-Republic, Hong, Puerto-Rico, China, Holand-Netherlands, Outlying-US(Guam-USVI-etc), Laos, United-States}","{El-Salvador, Dominican-Republic, Hong, South, Puerto-Rico, China, Holand-Netherlands, Outlying-US(Guam-USVI-etc), Laos, United-States}","{El-Salvador, Dominican-Republic, Hong, South, Puerto-Rico, China, Holand-Netherlands, Outlying-US(Guam-USVI-etc), Laos, United-States}","{Mexico, France, Poland, India, Taiwan, Haiti, Portugal, Jamaica, Italy, Philippines, Puerto-Rico, China, Cuba, United-States, El-Salvador, Scotland, Thailand, Ecuador, Hungary, Iran, Germany, Holand-Netherlands, England, Vietnam, Laos, Japan, Dominican-Republic, Canada, Hong, Peru, Ireland, South, Greece, Outlying-US(Guam-USVI-etc), Columbia}",*
France,"{France}","{France}","{France}","{France}","{France}","{France}","{France}","{France}","{France}","{France}","{France}","{Germany, France}","{Germany, France}","{Germany, France}","{Germany, France}","{Germany, France}","{Germany, France}","{Germany, France}","{Germany, France, Poland}","{Germany, France, Poland}","{Germany, France, Poland}","{Germany, France, Poland}","{Germany, France, Hungary, Poland}","{Germany, France, Hungary, Poland}","{Germany, France, Hungary, Poland}","{Germany, France, Hungary, Poland}","{Germany, France, Hungary, Poland}","{France, Italy, Scotland, Hungary, Germany, Poland, England, Greece, Portugal}","{France, Italy, Scotland, Hungary, Germany, Poland, England, Greece, Portugal}","{France, Italy, Scotland, Hungary, Germany, Poland, England, Greece, Portugal}","{France, Italy, Scotland, Hungary, Germany, Poland, England, Greece, Portugal}","{France, Italy, Scotland, Hungary, Germany, Poland, England, Greece, Portugal}","{France, Italy, Scotland, Hungary, Germany, Poland, England, Greece, Portugal}","{France, Italy, Scotland, Hungary, Germany, Poland, England, Greece, Portugal}","{France, Italy, Scotland, Hungary, Germany, Poland, England, Greece, Portugal}","{France, Italy, Scotland, Hungary, Germany, Poland, England, Greece, Portugal}","{France, Italy, Scotland, Hungary, Germany, Poland, England, Greece, Portugal}","{France, Italy, Scotland, Hungary, Germany, Poland, England, Greece, Portugal}","{Mexico, France, Poland, India, Taiwan, Haiti, Portugal, Jamaica, Italy, Philippines, Cuba, Scotland, Thailand, Ecuador, Hungary, Iran, Germany, England, Vietnam, Japan, Canada, Peru, Ireland, Greece, Columbia}","{Mexico, France, Poland, India, Taiwan, Haiti, Portugal, Jamaica, Italy, Philippines, Puerto-Rico, China, Cuba, United-States, El-Salvador, Scotland, Thailand, Ecuador, Hungary, Iran, Germany, Holand-Netherlands, England, Vietnam, Laos, Japan, Dominican-Republic, Canada, Hong, Peru, Ireland, South, Greece, Outlying-US(Guam-USVI-etc), Columbia}",*
Ecuador,"{Ecuador}","{Ecuador}","{Ecuador}","{Ecuador}","{Ecuador}","{Ecuador}","{Ecuador}","{Ecuador}","{Ecuador}","{Ecuador}","{Ecuador}","{Ecuador}","{Ecuador}","{Ecuador}","{Ecuador}","{Ecuador}","{Ecuador}","{Ecuador}","{Ecuador}","{Ecuador}","{Ecuador}","{Ecuador}","{Ecuador}","{Ecuador}","{Ecuador}","{Ecuador}","{Ecuador}","{Ecuador}","{Ecuador}","{Ecuador, Taiwan}","{Ecuador, Taiwan}","{Ecuador, Taiwan}","{Mexico, Canada, Ecuador, Ireland, Philippines, India, Taiwan}","{Mexico, Canada, Ecuador, Ireland, Philippines, India, Taiwan}","{Mexico, Canada, Ecuador, Ireland, Philippines, India, Taiwan}","{Mexico, Canada, Ecuador, Ireland, Philippines, India, Taiwan}","{Jamaica, Mexico, Canada, Thailand, Ecuador, Peru, Ireland, Iran, Philippines, Cuba, Vietnam, Japan, Columbia, India, Taiwan, Haiti}","{Jamaica, Mexico, Canada, Thailand, Ecuador, Peru, Ireland, Iran, Philippines, Cuba, Vietnam, Japan, Columbia, India, Taiwan, Haiti}","{Mexico, France, Poland, India, Taiwan, Haiti, Portugal, Jamaica, Italy, Philippines, Cuba, Scotland, Thailand, Ecuador, Hungary, Iran, Germany, England, Vietnam, Japan, Canada, Peru, Ireland, Greece, Columbia}","{Mexico, France, Poland, India, Taiwan, Haiti, Portugal, Jamaica, Italy, Philippines, Puerto-Rico, China, Cuba, United-States, El-Salvador, Scotland, Thailand, Ecuador, Hungary, Iran, Germany, Holand-Netherlands, England, Vietnam, Laos, Japan, Dominican-Republic, Canada, Hong, Peru, Ireland, South, Greece, Outlying-US(Guam-USVI-etc), Columbia}",*
Greece,"{Greece}","{Greece}","{Greece}","{Greece}","{Greece}","{Greece}","{Greece}","{Greece}","{Greece, Portugal}","{Greece, Portugal}","{Greece, Portugal}","{Greece, Portugal}","{Greece, Portugal}","{Greece, Portugal}","{Greece, Portugal}","{Italy, Greece, Portugal, England}","{Italy, Greece, Portugal, England}","{Italy, Greece, Portugal, England}","{Italy, Greece, Portugal, England}","{Italy, Greece, Portugal, England}","{Italy, Greece, Portugal, England}","{Italy, Greece, Portugal, England}","{Italy, Greece, Portugal, England}","{Italy, Greece, Portugal, England}","{Italy, Greece, Portugal, England}","{Italy, Scotland, England, Greece, Portugal}","{Italy, Scotland, England, Greece, Portugal}","{France, Italy, Scotland, Hungary, Germany, Poland, England, Greece, Portugal}","{France, Italy, Scotland, Hungary, Germany, Poland, England, Greece, Portugal}","{France, Italy, Scotland, Hungary, Germany, Poland, England, Greece, Portugal}","{France, Italy, Scotland, Hungary, Germany, Poland, England, Greece, Portugal}","{France, Italy, Scotland, Hungary, Germany, Poland, England, Greece, Portugal}","{France, Italy, Scotland, Hungary, Germany, Poland, England, Greece, Portugal}","{France, Italy, Scotland, Hungary, Germany, Poland, England, Greece, Portugal}","{France, Italy, Scotland, Hungary, Germany, Poland, England, Greece, Portugal}","{France, Italy, Scotland, Hungary, Germany, Poland, England, Greece, Portugal}","{France, Italy, Scotland, Hungary, Germany, Poland, England, Greece, Portugal}","{France, Italy, Scotland, Hungary, Germany, Poland, England, Greece, Portugal}","{Mexico, France, Poland, India, Taiwan, Haiti, Portugal, Jamaica, Italy, Philippines, Cuba, Scotland, Thailand, Ecuador, Hungary, Iran, Germany, England, Vietnam, Japan, Canada, Peru, Ireland, Greece, Columbia}","{Mexico, France, Poland, India, Taiwan, Haiti, Portugal, Jamaica, Italy, Philippines, Puerto-Rico, China, Cuba, United-States, El-Salvador, Scotland, Thailand, Ecuador, Hungary, Iran, Germany, Holand-Netherlands, England, Vietnam, Laos, Japan, Dominican-Republic, Canada, Hong, Peru, Ireland, South, Greece, Outlying-US(Guam-USVI-etc), Columbia}",*
England,"{England}","{England}","{England}","{England}","{England}","{England}","{England}","{England}","{England}","{England}","{England, Italy}","{England, Italy}","{England, Italy}","{England, Italy}","{England, Italy}","{Italy, Greece, Portugal, England}","{Italy, Greece, Portugal, England}","{Italy, Greece, Portugal, England}","{Italy, Greece, Portugal, England}","{Italy, Greece, Portugal, England}","{Italy, Greece, Portugal, England}","{Italy, Greece, Portugal, England}","{Italy, Greece, Portugal, England}","{Italy, Greece, Portugal, England}","{Italy, Greece, Portugal, England}","{Italy, Scotland, England, Greece, Portugal}","{Italy, Scotland, England, Greece, Portugal}","{France, Italy, Scotland, Hungary, Germany, Poland, England, Greece, Portugal}","{France, Italy, Scotland, Hungary, Germany, Poland, England, Greece, Portugal}","{France, Italy, Scotland, Hungary, Germany, Poland, England, Greece, Portugal}","{France, Italy, Scotland, Hungary, Germany, Poland, England, Greece, Portugal}","{France, Italy, Scotland, Hungary, Germany, Poland, England, Greece, Portugal}","{France, Italy, Scotland, Hungary, Germany, Poland, England, Greece, Portugal}","{France, Italy, Scotland, Hungary, Germany, Poland, England, Greece, Portugal}","{France, Italy, Scotland, Hungary, Germany, Poland, England, Greece, Portugal}","{France, Italy, Scotland, Hungary, Germany, Poland, England, Greece, Portugal}","{France, Italy, Scotland, Hungary, Germany, Poland, England, Greece, Portugal}","{France, Italy, Scotland, Hungary, Germany, Poland, England, Greece, Portugal}","{Mexico, France, Poland, India, Taiwan, Haiti, Portugal, Jamaica, Italy, Philippines, Cuba, Scotland, Thailand, Ecuador, Hungary, Iran, Germany, England, Vietnam, Japan, Canada, Peru, Ireland, Greece, Columbia}","{Mexico, France, Poland, India, Taiwan, Haiti, Portugal, Jamaica, Italy, Philippines, Puerto-Rico, China, Cuba, United-States, El-Salvador, Scotland, Thailand, Ecuador, Hungary, Iran, Germany, Holand-Netherlands, England, Vietnam, Laos, Japan, Dominican-Republic, Canada, Hong, Peru, Ireland, South, Greece, Outlying-US(Guam-USVI-etc), Columbia}",*
Canada,"{Canada}","{Canada}","{Canada}","{Canada}","{Canada}","{Canada}","{Canada}","{Canada}","{Canada}","{India, Canada}","{India, Canada}","{India, Canada}","{India, Canada}","{Mexico, India, Canada}","{Mexico, India, Canada}","{Mexico, India, Canada}","{Mexico, India, Canada}","{Mexico, India, Canada}","{Mexico, India, Canada}","{Mexico, India, Canada}","{Mexico, India, Canada}","{Mexico, India, Canada}","{Mexico, India, Canada}","{Mexico, India, Canada}","{Mexico, India, Canada}","{Mexico, India, Canada}","{Mexico, Canada, Ireland, Philippines, India}","{Mexico, Canada, Ireland, Philippines, India}","{Mexico, Canada, Ireland, Philippines, India}","{Mexico, Canada, Ireland, Philippines, India}","{Mexico, Canada, Ireland, Philippines, India}","{Mexico, Canada, Ireland, Philippines, India}","{Mexico, Canada, Ecuador, Ireland, Philippines, India, Taiwan}","{Mexico, Canada, Ecuador, Ireland, Philippines, India, Taiwan}","{Mexico, Canada, Ecuador, Ireland, Philippines, India, Taiwan}","{Mexico, Canada, Ecuador, Ireland, Philippines, India, Taiwan}","{Jamaica, Mexico, Canada, Thailand, Ecuador, Peru, Ireland, Iran, Philippines, Cuba, Vietnam, Japan, Columbia, India, Taiwan, Haiti}","{Jamaica, Mexico, Canada, Thailand, Ecuador, Peru, Ireland, Iran, Philippines, Cuba, Vietnam, Japan, Columbia, India, Taiwan, Haiti}","{Mexico, France, Poland, India, Taiwan, Haiti, Portugal, Jamaica, Italy, Philippines, Cuba, Scotland, Thailand, Ecuador, Hungary, Iran, Germany, England, Vietnam, Japan, Canada, Peru, Ireland, Greece, Columbia}","{Mexico, France, Poland, India, Taiwan, Haiti, Portugal, Jamaica, Italy, Philippines, Puerto-Rico, China, Cuba, United-States, El-Salvador, Scotland, Thailand, Ecuador, Hungary, Iran, Germany, Holand-Netherlands, England, Vietnam, Laos, Japan, Dominican-Republic, Canada, Hong, Peru, Ireland, South, Greece, Outlying-US(Guam-USVI-etc), Columbia}",*
Iran,"{Iran}","{Iran}","{Iran}","{Iran}","{Iran}","{Iran}","{Iran}","{Iran}","{Iran}","{Iran}","{Iran}","{Iran}","{Iran}","{Iran}","{Iran}","{Iran}","{Iran}","{Iran}","{Iran}","{Iran}","{Thailand, Vietnam, Iran, Japan}","{Thailand, Vietnam, Iran, Japan}","{Thailand, Vietnam, Iran, Japan}","{Thailand, Vietnam, Iran, Japan}","{Thailand, Vietnam, Iran, Japan}","{Thailand, Vietnam, Iran, Japan}","{Thailand, Vietnam, Iran, Japan}","{Thailand, Vietnam, Iran, Japan}","{Thailand, Vietnam, Iran, Japan}","{Thailand, Vietnam, Iran, Japan}","{Thailand, Iran, Vietnam, Japan, Columbia}","{Thailand, Iran, Vietnam, Japan, Columbia}","{Thailand, Iran, Vietnam, Japan, Columbia}","{Jamaica, Thailand, Peru, Haiti, Iran, Cuba, Vietnam, Japan, Columbia}","{Jamaica, Thailand, Peru, Haiti, Iran, Cuba, Vietnam, Japan, Columbia}","{Jamaica, Thailand, Peru, Haiti, Iran, Cuba, Vietnam, Japan, Columbia}","{Jamaica, Mexico, Canada, Thailand, Ecuador, Peru, Ireland, Iran, Philippines, Cuba, Vietnam, Japan, Columbia, India, Taiwan, Haiti}","{Jamaica, Mexico, Canada, Thailand, Ecuador, Peru, Ireland, Iran, Philippines, Cuba, Vietnam, Japan, Columbia, India, Taiwan, Haiti}","{Mexico, France, Poland, India, Taiwan, Haiti, Portugal, Jamaica, Italy, Philippines, Cuba, Scotland, Thailand, Ecuador, Hungary, Iran, Germany, England, Vietnam, Japan, Canada, Peru, Ireland, Greece, Columbia}","{Mexico, France, Poland, India, Taiwan, Haiti, Portugal, Jamaica, Italy, Philippines, Puerto-Rico, China, Cuba, United-States, El-Salvador, Scotland, Thailand, Ecuador, Hungary, Iran, Germany, Holand-Netherlands, England, Vietnam, Laos, Japan, Dominican-Republic, Canada, Hong, Peru, Ireland, South, Greece, Outlying-US(Guam-USVI-etc), Columbia}",*
Columbia,"{Columbia}","{Columbia}","{Columbia}","{Columbia}","{Columbia}","{Columbia}","{Columbia}","{Columbia}","{Columbia}","{Columbia}","{Columbia}","{Columbia}","{Columbia}","{Columbia}","{Columbia}","{Columbia}","{Columbia}","{Columbia}","{Columbia}","{Columbia}","{Columbia}","{Columbia}","{Columbia}","{Columbia}","{Columbia}","{Columbia}","{Columbia}","{Columbia}","{Columbia}","{Columbia}","{Thailand, Iran, Vietnam, Japan, Columbia}","{Thailand, Iran, Vietnam, Japan, Columbia}","{Thailand, Iran, Vietnam, Japan, Columbia}","{Jamaica, Thailand, Peru, Haiti, Iran, Cuba, Vietnam, Japan, Columbia}","{Jamaica, Thailand, Peru, Haiti, Iran, Cuba, Vietnam, Japan, Columbia}","{Jamaica, Thailand, Peru, Haiti, Iran, Cuba, Vietnam, Japan, Columbia}","{Jamaica, Mexico, Canada, Thailand, Ecuador, Peru, Ireland, Iran, Philippines, Cuba, Vietnam, Japan, Columbia, India, Taiwan, Haiti}","{Jamaica, Mexico, Canada, Thailand, Ecuador, Peru, Ireland, Iran, Philippines, Cuba, Vietnam, Japan, Columbia, India, Taiwan, Haiti}","{Mexico, France, Poland, India, Taiwan, Haiti, Portugal, Jamaica, Italy, Philippines, Cuba, Scotland, Thailand, Ecuador, Hungary, Iran, Germany, England, Vietnam, Japan, Canada, Peru, Ireland, Greece, Columbia}","{Mexico, France, Poland, India, Taiwan, Haiti, Portugal, Jamaica, Italy, Philippines, Puerto-Rico, China, Cuba, United-States, El-Salvador, Scotland, Thailand, Ecuador, Hungary, Iran, Germany, Holand-Netherlands, England, Vietnam, Laos, Japan, Dominican-Republic, Canada, Hong, Peru, Ireland, South, Greece, Outlying-US(Guam-USVI-etc), Columbia}",*
Hungary,"{Hungary}","{Hungary}","{Hungary}","{Hungary}","{Hungary}","{Hungary}","{Hungary}","{Hungary}","{Hungary}","{Hungary}","{Hungary}","{Hungary}","{Hungary}","{Hungary}","{Hungary}","{Hungary}","{Hungary}","{Hungary}","{Hungary}","{Hungary}","{Hungary}","{Hungary}","{Germany, France, Hungary, Poland}","{Germany, France, Hungary, Poland}","{Germany, France, Hungary, Poland}","{Germany, France, Hungary, Poland}","{Germany, France, Hungary, Poland}","{France, Italy, Scotland, Hungary, Germany, Poland, England, Greece, Portugal}","{France, Italy, Scotland, Hungary, Germany, Poland, England, Greece, Portugal}","{France, Italy, Scotland, Hungary, Germany, Poland, England, Greece, Portugal}","{France, Italy, Scotland, Hungary, Germany, Poland, England, Greece, Portugal}","{France, Italy, Scotland, Hungary, Germany, Poland, England, Greece, Portugal}","{France, Italy, Scotland, Hungary, Germany, Poland, England, Greece, Portugal}","{France, Italy, Scotland, Hungary, Germany, Poland, England, Greece, Portugal}","{France, Italy, Scotland, Hungary, Germany, Poland, England, Greece, Portugal}","{France, Italy, Scotland, Hungary, Germany, Poland, England, Greece, Portugal}","{France, Italy, Scotland, Hungary, Germany, Poland, England, Greece, Portugal}","{France, Italy, Scotland, Hungary, Germany, Poland, England, Greece, Portugal}","{Mexico, France, Poland, India, Taiwan, Haiti, Portugal, Jamaica, Italy, Philippines, Cuba, Scotland, Thailand, Ecuador, Hungary, Iran, Germany, England, Vietnam, Japan, Canada, Peru, Ireland, Greece, Columbia}","{Mexico, France, Poland, India, Taiwan, Haiti, Portugal, Jamaica, Italy, Philippines, Puerto-Rico, China, Cuba, United-States, El-Salvador, Scotland, Thailand, Ecuador, Hungary, Iran, Germany, Holand-Netherlands, England, Vietnam, Laos, Japan, Dominican-Republic, Canada, Hong, Peru, Ireland, South, Greece, Outlying-US(Guam-USVI-etc), Columbia}",*
Scotland,"{Scotland}","{Scotland}","{Scotland}","{Scotland}","{Scotland}","{Scotland}","{Scotland}","{Scotland}","{Scotland}","{Scotland}","{Scotland}","{Scotland}","{Scotland}","{Scotland}","{Scotland}","{Scotland}","{Scotland}","{Scotland}","{Scotland}","{Scotland}","{Scotland}","{Scotland}","{Scotland}","{Scotland}","{Scotland}","{Italy, Scotland, England, Greece, Portugal}","{Italy, Scotland, England, Greece, Portugal}","{France, Italy, Scotland, Hungary, Germany, Poland, England, Greece, Portugal}","{France, Italy, Scotland, Hungary, Germany, Poland, England, Greece, Portugal}","{France, Italy, Scotland, Hungary, Germany, Poland, England, Greece, Portugal}","{France, Italy, Scotland, Hungary, Germany, Poland, England, Greece, Portugal}","{France, Italy, Scotland, Hungary, Germany, Poland, England, Greece, Portugal}","{France, Italy, Scotland, Hungary, Germany, Poland, England, Greece, Portugal}","{France, Italy, Scotland, Hungary, Germany, Poland, England, Greece, Portugal}","{France, Italy, Scotland, Hungary, Germany, Poland, England, Greece, Portugal}","{France, Italy, Scotland, Hungary, Germany, Poland, England, Greece, Portugal}","{France, Italy, Scotland, Hungary, Germany, Poland, England, Greece, Portugal}","{France, Italy, Scotland, Hungary, Germany, Poland, England, Greece, Portugal}","{Mexico, France, Poland, India, Taiwan, Haiti, Portugal, Jamaica, Italy, Philippines, Cuba, Scotland, Thailand, Ecuador, Hungary, Iran, Germany, England, Vietnam, Japan, Canada, Peru, Ireland, Greece, Columbia}","{Mexico, France, Poland, India, Taiwan, Haiti, Portugal, Jamaica, Italy, Philippines, Puerto-Rico, China, Cuba, United-States, El-Salvador, Scotland, Thailand, Ecuador, Hungary, Iran, Germany, Holand-Netherlands, England, Vietnam, Laos, Japan, Dominican-Republic, Canada, Hong, Peru, Ireland, South, Greece, Outlying-US(Guam-USVI-etc), Columbia}",*
Cuba,"{Cuba}","{Cuba}","{Cuba}","{Cuba}","{Cuba}","{Cuba}","{Cuba}","{Cuba}","{Cuba}","{Cuba}","{Cuba}","{Cuba}","{Cuba}","{Cuba}","{Cuba}","{Cuba}","{Jamaica, Cuba}","{Jamaica, Cuba}","{Jamaica, Cuba}","{Jamaica, Cuba}","{Jamaica, Cuba}","{Jamaica, Cuba}","{Jamaica, Cuba}","{Jamaica, Peru, Cuba}","{Jamaica, Peru, Cuba}","{Jamaica, Peru, Cuba}","{Jamaica, Peru, Cuba}","{Jamaica, Peru, Cuba}","{Jamaica, Peru, Cuba, Haiti}","{Jamaica, Peru, Cuba, Haiti}","{Jamaica, Peru, Cuba, Haiti}","{Jamaica, Peru, Cuba, Haiti}","{Jamaica, Peru, Cuba, Haiti}","{Jamaica, Thailand, Peru, Haiti, Iran, Cuba, Vietnam, Japan, Columbia}","{Jamaica, Thailand, Peru, Haiti, Iran, Cuba, Vietnam, Japan, Columbia}","{Jamaica, Thailand, Peru, Haiti, Iran, Cuba, Vietnam, Japan, Columbia}","{Jamaica, Mexico, Canada, Thailand, Ecuador, Peru, Ireland, Iran, Philippines, Cuba, Vietnam, Japan, Columbia, India, Taiwan, Haiti}","{Jamaica, Mexico, Canada, Thailand, Ecuador, Peru, Ireland, Iran, Philippines, Cuba, Vietnam, Japan, Columbia, India, Taiwan, Haiti}","{Mexico, France, Poland, India, Taiwan, Haiti, Portugal, Jamaica, Italy, Philippines, Cuba, Scotland, Thailand, Ecuador, Hungary, Iran, Germany, England, Vietnam, Japan, Canada, Peru, Ireland, Greece, Columbia}","{Mexico, France, Poland, India, Taiwan, Haiti, Portugal, Jamaica, Italy, Philippines, Puerto-Rico, China, Cuba, United-States, El-Salvador, Scotland, Thailand, Ecuador, Hungary, Iran, Germany, Holand-Netherlands, England, Vietnam, Laos, Japan, Dominican-Republic, Canada, Hong, Peru, Ireland, South, Greece, Outlying-US(Guam-USVI-etc), Columbia}",*
Peru,"{Peru}","{Peru}","{Peru}","{Peru}","{Peru}","{Peru}","{Peru}","{Peru}","{Peru}","{Peru}","{Peru}","{Peru}","{Peru}","{Peru}","{Peru}","{Peru}","{Peru}","{Peru}","{Peru}","{Peru}","{Peru}","{Peru}","{Peru}","{Jamaica, Peru, Cuba}","{Jamaica, Peru, Cuba}","{Jamaica, Peru, Cuba}","{Jamaica, Peru, Cuba}","{Jamaica, Peru, Cuba}","{Jamaica, Peru, Cuba, Haiti}","{Jamaica, Peru, Cuba, Haiti}","{Jamaica, Peru, Cuba, Haiti}","{Jamaica, Peru, Cuba, Haiti}","{Jamaica, Peru, Cuba, Haiti}","{Jamaica, Thailand, Peru, Haiti, Iran, Cuba, Vietnam, Japan, Columbia}","{Jamaica, Thailand, Peru, Haiti, Iran, Cuba, Vietnam, Japan, Columbia}","{Jamaica, Thailand, Peru, Haiti, Iran, Cuba, Vietnam, Japan, Columbia}","{Jamaica, Mexico, Canada, Thailand, Ecuador, Peru, Ireland, Iran, Philippines, Cuba, Vietnam, Japan, Columbia, India, Taiwan, Haiti}","{Jamaica, Mexico, Canada, Thailand, Ecuador, Peru, Ireland, Iran, Philippines, Cuba, Vietnam, Japan, Columbia, India, Taiwan, Haiti}","{Mexico, France, Poland, India, Taiwan, Haiti, Portugal, Jamaica, Italy, Philippines, Cuba, Scotland, Thailand, Ecuador, Hungary, Iran, Germany, England, Vietnam, Japan, Canada, Peru, Ireland, Greece, Columbia}","{Mexico, France, Poland, India, Taiwan, Haiti, Portugal, Jamaica, Italy, Philippines, Puerto-Rico, China, Cuba, United-States, El-Salvador, Scotland, Thailand, Ecuador, Hungary, Iran, Germany, Holand-Netherlands, England, Vietnam, Laos, Japan, Dominican-Republic, Canada, Hong, Peru, Ireland, South, Greece, Outlying-US(Guam-USVI-etc), Columbia}",*
Taiwan,"{Taiwan}","{Taiwan}","{Taiwan}","{Taiwan}","{Taiwan}","{Taiwan}","{Taiwan}","{Taiwan}","{Taiwan}","{Taiwan}","{Taiwan}","{Taiwan}","{Taiwan}","{Taiwan}","{Taiwan}","{Taiwan}","{Taiwan}","{Taiwan}","{Taiwan}","{Taiwan}","{Taiwan}","{Taiwan}","{Taiwan}","{Taiwan}","{Taiwan}","{Taiwan}","{Taiwan}","{Taiwan}","{Taiwan}","{Ecuador, Taiwan}","{Ecuador, Taiwan}","{Ecuador, Taiwan}","{Mexico, Canada, Ecuador, Ireland, Philippines, India, Taiwan}","{Mexico, Canada, Ecuador, Ireland, Philippines, India, Taiwan}","{Mexico, Canada, Ecuador, Ireland, Philippines, India, Taiwan}","{Mexico, Canada, Ecuador, Ireland, Philippines, India, Taiwan}","{Jamaica, Mexico, Canada, Thailand, Ecuador, Peru, Ireland, Iran, Philippines, Cuba, Vietnam, Japan, Columbia, India, Taiwan, Haiti}","{Jamaica, Mexico, Canada, Thailand, Ecuador, Peru, Ireland, Iran, Philippines, Cuba, Vietnam, Japan, Columbia, India, Taiwan, Haiti}","{Mexico, France, Poland, India, Taiwan, Haiti, Portugal, Jamaica, Italy, Philippines, Cuba, Scotland, Thailand, Ecuador, Hungary, Iran, Germany, England, Vietnam, Japan, Canada, Peru, Ireland, Greece, Columbia}","{Mexico, France, Poland, India, Taiwan, Haiti, Portugal, Jamaica, Italy, Philippines, Puerto-Rico, China, Cuba, United-States, El-Salvador, Scotland, Thailand, Ecuador, Hungary, Iran, Germany, Holand-Netherlands, England, Vietnam, Laos, Japan, Dominican-Republic, Canada, Hong, Peru, Ireland, South, Greece, Outlying-US(Guam-USVI-etc), Columbia}",*
United-States,"{United-States}","{United-States}","{United-States}","{United-States}","{United-States}","{United-States}","{United-States}","{United-States}","{United-States}","{United-States}","{United-States}","{United-States}","{United-States}","{United-States}","{United-States}","{United-States}","{United-States}","{United-States}","{United-States}","{United-States}","{United-States}","{United-States}","{United-States}","{United-States}","{El-Salvador, Dominican-Republic, Puerto-Rico, Holand-Netherlands, Outlying-US(Guam-USVI-etc), United-States}","{El-Salvador, Dominican-Republic, Puerto-Rico, Holand-Netherlands, Outlying-US(Guam-USVI-etc), United-States}","{El-Salvador, Dominican-Republic, Puerto-Rico, Holand-Netherlands, Outlying-US(Guam-USVI-etc), United-States}","{El-Salvador, Dominican-Republic, Puerto-Rico, Holand-Netherlands, Outlying-US(Guam-USVI-etc), United-States}","{El-Salvador, Dominican-Republic, Puerto-Rico, Holand-Netherlands, Outlying-US(Guam-USVI-etc), United-States}","{El-Salvador, Dominican-Republic, Puerto-Rico, Holand-Netherlands, Outlying-US(Guam-USVI-etc), United-States}","{El-Salvador, Dominican-Republic, Puerto-Rico, Holand-Netherlands, Outlying-US(Guam-USVI-etc), United-States}","{El-Salvador, Dominican-Republic, Puerto-Rico, Holand-Netherlands, Outlying-US(Guam-USVI-etc), Laos, United-States}","{El-Salvador, Dominican-Republic, Puerto-Rico, Holand-Netherlands, Outlying-US(Guam-USVI-etc), Laos, United-States}","{El-Salvador, Dominican-Republic, Puerto-Rico, Holand-Netherlands, Outlying-US(Guam-USVI-etc), Laos, United-States}","{El-Salvador, Dominican-Republic, Hong, Puerto-Rico, Holand-Netherlands, Outlying-US(Guam-USVI-etc), Laos, United-States}","{El-Salvador, Dominican-Republic, Hong, Puerto-Rico, China, Holand-Netherlands, Outlying-US(Guam-USVI-etc), Laos, United-States}","{El-Salvador, Dominican-Republic, Hong, Puerto-Rico, China, Holand-Netherlands, Outlying-US(Guam-USVI-etc), Laos, United-States}","{El-Salvador, Dominican-Republic, Hong, South, Puerto-Rico, China, Holand-Netherlands, Outlying-US(Guam-USVI-etc), Laos, United-States}","{El-Salvador, Dominican-Republic, Hong, South, Puerto-Rico, China, Holand-Netherlands, Outlying-US(Guam-USVI-etc), Laos, United-States}","{Mexico, France, Poland, India, Taiwan, Haiti, Portugal, Jamaica, Italy, Philippines, Puerto-Rico, China, Cuba, United-States, El-Salvador, Scotland, Thailand, Ecuador, Hungary, Iran, Germany, Holand-Netherlands, England, Vietnam, Laos, Japan, Dominican-Republic, Canada, Hong, Peru, Ireland, South, Greece, Outlying-US(Guam-USVI-etc), Columbia}",*
Italy,"{Italy}","{Italy}","{Italy}","{Italy}","{Italy}","{Italy}","{Italy}","{Italy}","{Italy}","{Italy}","{England, Italy}","{England, Italy}","{England, Italy}","{England, Italy}","{England, Italy}","{Italy, Greece, Portugal, England}","{Italy, Greece, Portugal, England}","{Italy, Greece, Portugal, England}","{Italy, Greece, Portugal, England}","{Italy, Greece, Portugal, England}","{Italy, Greece, Portugal, England}","{Italy, Greece, Portugal, England}","{Italy, Greece, Portugal, England}","{Italy, Greece, Portugal, England}","{Italy, Greece, Portugal, England}","{Italy, Scotland, England, Greece, Portugal}","{Italy, Scotland, England, Greece, Portugal}","{France, Italy, Scotland, Hungary, Germany, Poland, England, Greece, Portugal}","{France, Italy, Scotland, Hungary, Germany, Poland, England, Greece, Portugal}","{France, Italy, Scotland, Hungary, Germany, Poland, England, Greece, Portugal}","{France, Italy, Scotland, Hungary, Germany, Poland, England, Greece, Portugal}","{France, Italy, Scotland, Hungary, Germany, Poland, England, Greece, Portugal}","{France, Italy, Scotland, Hungary, Germany, Poland, England, Greece, Portugal}","{France, Italy, Scotland, Hungary, Germany, Poland, England, Greece, Portugal}","{France, Italy, Scotland, Hungary, Germany, Poland, England, Greece, Portugal}","{France, Italy, Scotland, Hungary, Germany, Poland, England, Greece, Portugal}","{France, Italy, Scotland, Hungary, Germany, Poland, England, Greece, Portugal}","{France, Italy, Scotland, Hungary, Germany, Poland, England, Greece, Portugal}","{Mexico, France, Poland, India, Taiwan, Haiti, Portugal, Jamaica, Italy, Philippines, Cuba, Scotland, Thailand, Ecuador, Hungary, Iran, Germany, England, Vietnam, Japan, Canada, Peru, Ireland, Greece, Columbia}","{Mexico, France, Poland, India, Taiwan, Haiti, Portugal, Jamaica, Italy, Philippines, Puerto-Rico, China, Cuba, United-States, El-Salvador, Scotland, Thailand, Ecuador, Hungary, Iran, Germany, Holand-Netherlands, England, Vietnam, Laos, Japan, Dominican-Republic, Canada, Hong, Peru, Ireland, South, Greece, Outlying-US(Guam-USVI-etc), Columbia}",*
Guatemala,"{Guatemala}","{Guatemala}","{Guatemala}","{Cambodia, Guatemala, Nicaragua, Yugoslavia, ?}","{Cambodia, Guatemala, Nicaragua, Yugoslavia, ?, Honduras}","{Cambodia, Guatemala, Nicaragua, Yugoslavia, ?, Trinadad&Tobago, Honduras}","{Cambodia, Guatemala, Nicaragua, Yugoslavia, ?, Trinadad&Tobago, Honduras}","{Cambodia, Guatemala, Nicaragua, Yugoslavia, ?, Trinadad&Tobago, Honduras}","{Cambodia, Guatemala, Nicaragua, Yugoslavia, ?, Trinadad&Tobago, Honduras}","{Cambodia, Guatemala, Nicaragua, Yugoslavia, ?, Trinadad&Tobago, Honduras}","{Cambodia, Guatemala, Nicaragua, Yugoslavia, ?, Trinadad&Tobago, Honduras}","{Cambodia, Guatemala, Nicaragua, Yugoslavia, ?, Trinadad&Tobago, Honduras}","{Cambodia, Guatemala, Nicaragua, Yugoslavia, ?, Trinadad&Tobago, Honduras}","{Cambodia, Guatemala, Nicaragua, Yugoslavia, ?, Trinadad&Tobago, Honduras}","{Cambodia, Guatemala, Nicaragua, Yugoslavia, ?, Trinadad&Tobago, Honduras}","{Cambodia, Guatemala, Nicaragua, Yugoslavia, ?, Trinadad&Tobago, Honduras}","{Cambodia, Guatemala, Nicaragua, Yugoslavia, ?, Trinadad&Tobago, Honduras}","{Cambodia, Guatemala, Nicaragua, Yugoslavia, ?, Trinadad&Tobago, Honduras}","{Cambodia, Guatemala, Nicaragua, Yugoslavia, ?, Trinadad&Tobago, Honduras}","{Cambodia, Guatemala, Nicaragua, Yugoslavia, ?, Trinadad&Tobago, Honduras}","{Cambodia, Guatemala, Nicaragua, Yugoslavia, ?, Trinadad&Tobago, Honduras}","{Cambodia, Guatemala, Nicaragua, Yugoslavia, ?, Trinadad&Tobago, Honduras}","{Cambodia, Guatemala, Nicaragua, Yugoslavia, ?, Trinadad&Tobago, Honduras}","{Cambodia, Guatemala, Nicaragua, Yugoslavia, ?, Trinadad&Tobago, Honduras}","{Cambodia, Guatemala, Nicaragua, Yugoslavia, ?, Trinadad&Tobago, Honduras}","{Cambodia, Guatemala, Nicaragua, Yugoslavia, ?, Trinadad&Tobago, Honduras}","{Cambodia, Guatemala, Nicaragua, Yugoslavia, ?, Trinadad&Tobago, Honduras}","{Cambodia, Guatemala, Nicaragua, Yugoslavia, ?, Trinadad&Tobago, Honduras}","{Cambodia, Guatemala, Nicaragua, Yugoslavia, ?, Trinadad&Tobago, Honduras}","{Cambodia, Guatemala, Nicaragua, Yugoslavia, ?, Trinadad&Tobago, Honduras}","{Cambodia, Guatemala, Nicaragua, Yugoslavia, ?, Trinadad&Tobago, Honduras}","{Cambodia, Guatemala, Nicaragua, Yugoslavia, ?, Trinadad&Tobago, Honduras}","{Cambodia, Guatemala, Nicaragua, Yugoslavia, ?, Trinadad&Tobago, Honduras}","{Cambodia, Guatemala, Nicaragua, Yugoslavia, ?, Trinadad&Tobago, Honduras}","{Cambodia, Guatemala, Nicaragua, Yugoslavia, ?, Trinadad&Tobago, Honduras}","{Cambodia, Guatemala, Nicaragua, Yugoslavia, ?, Trinadad&Tobago, Honduras}","{Cambodia, Guatemala, Nicaragua, Yugoslavia, ?, Trinadad&Tobago, Honduras}","{Cambodia, Guatemala, Nicaragua, Yugoslavia, ?, Trinadad&Tobago, Honduras}","{Cambodia, Guatemala, Nicaragua, Yugoslavia, ?, Trinadad&Tobago, Honduras}","{Cambodia, Guatemala, Nicaragua, Yugoslavia, ?, Trinadad&Tobago, Honduras}",*
Honduras,"{Honduras}","{Honduras}","{Honduras}","{Honduras}","{Cambodia, Guatemala, Nicaragua, Yugoslavia, ?, Honduras}","{Cambodia, Guatemala, Nicaragua, Yugoslavia, ?, Trinadad&Tobago, Honduras}","{Cambodia, Guatemala, Nicaragua, Yugoslavia, ?, Trinadad&Tobago, Honduras}","{Cambodia, Guatemala, Nicaragua, Yugoslavia, ?, Trinadad&Tobago, Honduras}","{Cambodia, Guatemala, Nicaragua, Yugoslavia, ?, Trinadad&Tobago, Honduras}","{Cambodia, Guatemala, Nicaragua, Yugoslavia, ?, Trinadad&Tobago, Honduras}","{Cambodia, Guatemala, Nicaragua, Yugoslavia, ?, Trinadad&Tobago, Honduras}","{Cambodia, Guatemala, Nicaragua, Yugoslavia, ?, Trinadad&Tobago, Honduras}","{Cambodia, Guatemala, Nicaragua, Yugoslavia, ?, Trinadad&Tobago, Honduras}","{Cambodia, Guatemala, Nicaragua, Yugoslavia, ?, Trinadad&Tobago, Honduras}","{Cambodia, Guatemala, Nicaragua, Yugoslavia, ?, Trinadad&Tobago, Honduras}","{Cambodia, Guatemala, Nicaragua, Yugoslavia, ?, Trinadad&Tobago, Honduras}","{Cambodia, Guatemala, Nicaragua, Yugoslavia, ?, Trinadad&Tobago, Honduras}","{Cambodia, Guatemala, Nicaragua, Yugoslavia, ?, Trinadad&Tobago, Honduras}","{Cambodia, Guatemala, Nicaragua, Yugoslavia, ?, Trinadad&Tobago, Honduras}","{Cambodia, Guatemala, Nicaragua, Yugoslavia, ?, Trinadad&Tobago, Honduras}","{Cambodia, Guatemala, Nicaragua, Yugoslavia, ?, Trinadad&Tobago, Honduras}","{Cambodia, Guatemala, Nicaragua, Yugoslavia, ?, Trinadad&Tobago, Honduras}","{Cambodia, Guatemala, Nicaragua, Yugoslavia, ?, Trinadad&Tobago, Honduras}","{Cambodia, Guatemala, Nicaragua, Yugoslavia, ?, Trinadad&Tobago, Honduras}","{Cambodia, Guatemala, Nicaragua, Yugoslavia, ?, Trinadad&Tobago, Honduras}","{Cambodia, Guatemala, Nicaragua, Yugoslavia, ?, Trinadad&Tobago, Honduras}","{Cambodia, Guatemala, Nicaragua, Yugoslavia, ?, Trinadad&Tobago, Honduras}","{Cambodia, Guatemala, Nicaragua, Yugoslavia, ?, Trinadad&Tobago, Honduras}","{Cambodia, Guatemala, Nicaragua, Yugoslavia, ?, Trinadad&Tobago, Honduras}","{Cambodia, Guatemala, Nicaragua, Yugoslavia, ?, Trinadad&Tobago, Honduras}","{Cambodia, Guatemala, Nicaragua, Yugoslavia, ?, Trinadad&Tobago, Honduras}","{Cambodia, Guatemala, Nicaragua, Yugoslavia, ?, Trinadad&Tobago, Honduras}","{Cambodia, Guatemala, Nicaragua, Yugoslavia, ?, Trinadad&Tobago, Honduras}","{Cambodia, Guatemala, Nicaragua, Yugoslavia, ?, Trinadad&Tobago, Honduras}","{Cambodia, Guatemala, Nicaragua, Yugoslavia, ?, Trinadad&Tobago, Honduras}","{Cambodia, Guatemala, Nicaragua, Yugoslavia, ?, Trinadad&Tobago, Honduras}","{Cambodia, Guatemala, Nicaragua, Yugoslavia, ?, Trinadad&Tobago, Honduras}","{Cambodia, Guatemala, Nicaragua, Yugoslavia, ?, Trinadad&Tobago, Honduras}","{Cambodia, Guatemala, Nicaragua, Yugoslavia, ?, Trinadad&Tobago, Honduras}","{Cambodia, Guatemala, Nicaragua, Yugoslavia, ?, Trinadad&Tobago, Honduras}",*
Philippines,"{Philippines}","{Philippines}","{Philippines}","{Philippines}","{Philippines}","{Philippines}","{Philippines}","{Philippines}","{Philippines}","{Philippines}","{Philippines}","{Philippines}","{Philippines}","{Philippines}","{Philippines}","{Philippines}","{Philippines}","{Philippines}","{Philippines}","{Philippines}","{Philippines}","{Philippines, Ireland}","{Philippines, Ireland}","{Philippines, Ireland}","{Philippines, Ireland}","{Philippines, Ireland}","{Mexico, Canada, Ireland, Philippines, India}","{Mexico, Canada, Ireland, Philippines, India}","{Mexico, Canada, Ireland, Philippines, India}","{Mexico, Canada, Ireland, Philippines, India}","{Mexico, Canada, Ireland, Philippines, India}","{Mexico, Canada, Ireland, Philippines, India}","{Mexico, Canada, Ecuador, Ireland, Philippines, India, Taiwan}","{Mexico, Canada, Ecuador, Ireland, Philippines, India, Taiwan}","{Mexico, Canada, Ecuador, Ireland, Philippines, India, Taiwan}","{Mexico, Canada, Ecuador, Ireland, Philippines, India, Taiwan}","{Jamaica, Mexico, Canada, Thailand, Ecuador, Peru, Ireland, Iran, Philippines, Cuba, Vietnam, Japan, Columbia, India, Taiwan, Haiti}","{Jamaica, Mexico, Canada, Thailand, Ecuador, Peru, Ireland, Iran, Philippines, Cuba, Vietnam, Japan, Columbia, India, Taiwan, Haiti}","{Mexico, France, Poland, India, Taiwan, Haiti, Portugal, Jamaica, Italy, Philippines, Cuba, Scotland, Thailand, Ecuador, Hungary, Iran, Germany, England, Vietnam, Japan, Canada, Peru, Ireland, Greece, Columbia}","{Mexico, France, Poland, India, Taiwan, Haiti, Portugal, Jamaica, Italy, Philippines, Puerto-Rico, China, Cuba, United-States, El-Salvador, Scotland, Thailand, Ecuador, Hungary, Iran, Germany, Holand-Netherlands, England, Vietnam, Laos, Japan, Dominican-Republic, Canada, Hong, Peru, Ireland, South, Greece, Outlying-US(Guam-USVI-etc), Columbia}",*
Outlying-US(Guam-USVI-etc),"{Outlying-US(Guam-USVI-etc)}","{Outlying-US(Guam-USVI-etc)}","{Outlying-US(Guam-USVI-etc)}","{Outlying-US(Guam-USVI-etc)}","{Outlying-US(Guam-USVI-etc)}","{Outlying-US(Guam-USVI-etc)}","{Holand-Netherlands, Outlying-US(Guam-USVI-etc)}","{El-Salvador, Holand-Netherlands, Outlying-US(Guam-USVI-etc)}","{El-Salvador, Holand-Netherlands, Outlying-US(Guam-USVI-etc)}","{El-Salvador, Holand-Netherlands, Outlying-US(Guam-USVI-etc)}","{El-Salvador, Holand-Netherlands, Outlying-US(Guam-USVI-etc)}","{El-Salvador, Holand-Netherlands, Outlying-US(Guam-USVI-etc)}","{El-Salvador, Dominican-Republic, Outlying-US(Guam-USVI-etc), Holand-Netherlands}","{El-Salvador, Dominican-Republic, Outlying-US(Guam-USVI-etc), Holand-Netherlands}","{El-Salvador, Dominican-Republic, Puerto-Rico, Holand-Netherlands, Outlying-US(Guam-USVI-etc)}","{El-Salvador, Dominican-Republic, Puerto-Rico, Holand-Netherlands, Outlying-US(Guam-USVI-etc)}","{El-Salvador, Dominican-Republic, Puerto-Rico, Holand-Netherlands, Outlying-US(Guam-USVI-etc)}","{El-Salvador, Dominican-Republic, Puerto-Rico, Holand-Netherlands, Outlying-US(Guam-USVI-etc)}","{El-Salvador, Dominican-Republic, Puerto-Rico, Holand-Netherlands, Outlying-US(Guam-USVI-etc)}","{El-Salvador, Dominican-Republic, Puerto-Rico, Holand-Netherlands, Outlying-US(Guam-USVI-etc)}","{El-Salvador, Dominican-Republic, Puerto-Rico, Holand-Netherlands, Outlying-US(Guam-USVI-etc)}","{El-Salvador, Dominican-Republic, Puerto-Rico, Holand-Netherlands, Outlying-US(Guam-USVI-etc)}","{El-Salvador, Dominican-Republic, Puerto-Rico, Holand-Netherlands, Outlying-US(Guam-USVI-etc)}","{El-Salvador, Dominican-Republic, Puerto-Rico, Holand-Netherlands, Outlying-US(Guam-USVI-etc)}","{El-Salvador, Dominican-Republic, Puerto-Rico, Holand-Netherlands, Outlying-US(Guam-USVI-etc), United-States}","{El-Salvador, Dominican-Republic, Puerto-Rico, Holand-Netherlands, Outlying-US(Guam-USVI-etc), United-States}","{El-Salvador, Dominican-Republic, Puerto-Rico, Holand-Netherlands, Outlying-US(Guam-USVI-etc), United-States}","{El-Salvador, Dominican-Republic, Puerto-Rico, Holand-Netherlands, Outlying-US(Guam-USVI-etc), United-States}","{El-Salvador, Dominican-Republic, Puerto-Rico, Holand-Netherlands, Outlying-US(Guam-USVI-etc), United-States}","{El-Salvador, Dominican-Republic, Puerto-Rico, Holand-Netherlands, Outlying-US(Guam-USVI-etc), United-States}","{El-Salvador, Dominican-Republic, Puerto-Rico, Holand-Netherlands, Outlying-US(Guam-USVI-etc), United-States}","{El-Salvador, Dominican-Republic, Puerto-Rico, Holand-Netherlands, Outlying-US(Guam-USVI-etc), Laos, United-States}","{El-Salvador, Dominican-Republic, Puerto-Rico, Holand-Netherlands, Outlying-US(Guam-USVI-etc), Laos, United-States}","{El-Salvador, Dominican-Republic, Puerto-Rico, Holand-Netherlands, Outlying-US(Guam-USVI-etc), Laos, United-States}","{El-Salvador, Dominican-Republic, Hong, Puerto-Rico, Holand-Netherlands, Outlying-US(Guam-USVI-etc), Laos, United-States}","{El-Salvador, Dominican-Republic, Hong, Puerto-Rico, China, Holand-Netherlands, Outlying-US(Guam-USVI-etc), Laos, United-States}","{El-Salvador, Dominican-Republic, Hong, Puerto-Rico, China, Holand-Netherlands, Outlying-US(Guam-USVI-etc), Laos, United-States}","{El-Salvador, Dominican-Republic, Hong, South, Puerto-Rico, China, Holand-Netherlands, Outlying-US(Guam-USVI-etc), Laos, United-States}","{El-Salvador, Dominican-Republic, Hong, South, Puerto-Rico, China, Holand-Netherlands, Outlying-US(Guam-USVI-etc), Laos, United-States}","{Mexico, France, Poland, India, Taiwan, Haiti, Portugal, Jamaica, Italy, Philippines, Puerto-Rico, China, Cuba, United-States, El-Salvador, Scotland, Thailand, Ecuador, Hungary, Iran, Germany, Holand-Netherlands, England, Vietnam, Laos, Japan, Dominican-Republic, Canada, Hong, Peru, Ireland, South, Greece, Outlying-US(Guam-USVI-etc), Columbia}",*
Poland,"{Poland}","{Poland}","{Poland}","{Poland}","{Poland}","{Poland}","{Poland}","{Poland}","{Poland}","{Poland}","{Poland}","{Poland}","{Poland}","{Poland}","{Poland}","{Poland}","{Poland}","{Poland}","{Germany, France, Poland}","{Germany, France, Poland}","{Germany, France, Poland}","{Germany, France, Poland}","{Germany, France, Hungary, Poland}","{Germany, France, Hungary, Poland}","{Germany, France, Hungary, Poland}","{Germany, France, Hungary, Poland}","{Germany, France, Hungary, Poland}","{France, Italy, Scotland, Hungary, Germany, Poland, England, Greece, Portugal}","{France, Italy, Scotland, Hungary, Germany, Poland, England, Greece, Portugal}","{France, Italy, Scotland, Hungary, Germany, Poland, England, Greece, Portugal}","{France, Italy, Scotland, Hungary, Germany, Poland, England, Greece, Portugal}","{France, Italy, Scotland, Hungary, Germany, Poland, England, Greece, Portugal}","{France, Italy, Scotland, Hungary, Germany, Poland, England, Greece, Portugal}","{France, Italy, Scotland, Hungary, Germany, Poland, England, Greece, Portugal}","{France, Italy, Scotland, Hungary, Germany, Poland, England, Greece, Portugal}","{France, Italy, Scotland, Hungary, Germany, Poland, England, Greece, Portugal}","{France, Italy, Scotland, Hungary, Germany, Poland, England, Greece, Portugal}","{France, Italy, Scotland, Hungary, Germany, Poland, England, Greece, Portugal}","{Mexico, France, Poland, India, Taiwan, Haiti, Portugal, Jamaica, Italy, Philippines, Cuba, Scotland, Thailand, Ecuador, Hungary, Iran, Germany, England, Vietnam, Japan, Canada, Peru, Ireland, Greece, Columbia}","{Mexico, France, Poland, India, Taiwan, Haiti, Portugal, Jamaica, Italy, Philippines, Puerto-Rico, China, Cuba, United-States, El-Salvador, Scotland, Thailand, Ecuador, Hungary, Iran, Germany, Holand-Netherlands, England, Vietnam, Laos, Japan, Dominican-Republic, Canada, Hong, Peru, Ireland, South, Greece, Outlying-US(Guam-USVI-etc), Columbia}",*
Vietnam,"{Vietnam}","{Vietnam}","{Vietnam}","{Vietnam}","{Vietnam}","{Vietnam}","{Vietnam}","{Vietnam}","{Vietnam}","{Vietnam}","{Vietnam}","{Vietnam}","{Vietnam}","{Vietnam}","{Vietnam}","{Vietnam}","{Vietnam}","{Vietnam}","{Vietnam}","{Thailand, Vietnam, Japan}","{Thailand, Vietnam, Iran, Japan}","{Thailand, Vietnam, Iran, Japan}","{Thailand, Vietnam, Iran, Japan}","{Thailand, Vietnam, Iran, Japan}","{Thailand, Vietnam, Iran, Japan}","{Thailand, Vietnam, Iran, Japan}","{Thailand, Vietnam, Iran, Japan}","{Thailand, Vietnam, Iran, Japan}","{Thailand, Vietnam, Iran, Japan}","{Thailand, Vietnam, Iran, Japan}","{Thailand, Iran, Vietnam, Japan, Columbia}","{Thailand, Iran, Vietnam, Japan, Columbia}","{Thailand, Iran, Vietnam, Japan, Columbia}","{Jamaica, Thailand, Peru, Haiti, Iran, Cuba, Vietnam, Japan, Columbia}","{Jamaica, Thailand, Peru, Haiti, Iran, Cuba, Vietnam, Japan, Columbia}","{Jamaica, Thailand, Peru, Haiti, Iran, Cuba, Vietnam, Japan, Columbia}","{Jamaica, Mexico, Canada, Thailand, Ecuador, Peru, Ireland, Iran, Philippines, Cuba, Vietnam, Japan, Columbia, India, Taiwan, Haiti}","{Jamaica, Mexico, Canada, Thailand, Ecuador, Peru, Ireland, Iran, Philippines, Cuba, Vietnam, Japan, Columbia, India, Taiwan, Haiti}","{Mexico, France, Poland, India, Taiwan, Haiti, Portugal, Jamaica, Italy, Philippines, Cuba, Scotland, Thailand, Ecuador, Hungary, Iran, Germany, England, Vietnam, Japan, Canada, Peru, Ireland, Greece, Columbia}","{Mexico, France, Poland, India, Taiwan, Haiti, Portugal, Jamaica, Italy, Philippines, Puerto-Rico, China, Cuba, United-States, El-Salvador, Scotland, Thailand, Ecuador, Hungary, Iran, Germany, Holand-Netherlands, England, Vietnam, Laos, Japan, Dominican-Republic, Canada, Hong, Peru, Ireland, South, Greece, Outlying-US(Guam-USVI-etc), Columbia}",*
Jamaica,"{Jamaica}","{Jamaica}","{Jamaica}","{Jamaica}","{Jamaica}","{Jamaica}","{Jamaica}","{Jamaica}","{Jamaica}","{Jamaica}","{Jamaica}","{Jamaica}","{Jamaica}","{Jamaica}","{Jamaica}","{Jamaica}","{Jamaica, Cuba}","{Jamaica, Cuba}","{Jamaica, Cuba}","{Jamaica, Cuba}","{Jamaica, Cuba}","{Jamaica, Cuba}","{Jamaica, Cuba}","{Jamaica, Peru, Cuba}","{Jamaica, Peru, Cuba}","{Jamaica, Peru, Cuba}","{Jamaica, Peru, Cuba}","{Jamaica, Peru, Cuba}","{Jamaica, Peru, Cuba, Haiti}","{Jamaica, Peru, Cuba, Haiti}","{Jamaica, Peru, Cuba, Haiti}","{Jamaica, Peru, Cuba, Haiti}","{Jamaica, Peru, Cuba, Haiti}","{Jamaica, Thailand, Peru, Haiti, Iran, Cuba, Vietnam, Japan, Columbia}","{Jamaica, Thailand, Peru, Haiti, Iran, Cuba, Vietnam, Japan, Columbia}","{Jamaica, Thailand, Peru, Haiti, Iran, Cuba, Vietnam, Japan, Columbia}","{Jamaica, Mexico, Canada, Thailand, Ecuador, Peru, Ireland, Iran, Philippines, Cuba, Vietnam, Japan, Columbia, India, Taiwan, Haiti}","{Jamaica, Mexico, Canada, Thailand, Ecuador, Peru, Ireland, Iran, Philippines, Cuba, Vietnam, Japan, Columbia, India, Taiwan, Haiti}","{Mexico, France, Poland, India, Taiwan, Haiti, Portugal, Jamaica, Italy, Philippines, Cuba, Scotland, Thailand, Ecuador, Hungary, Iran, Germany, England, Vietnam, Japan, Canada, Peru, Ireland, Greece, Columbia}","{Mexico, France, Poland, India, Taiwan, Haiti, Portugal, Jamaica, Italy, Philippines, Puerto-Rico, China, Cuba, United-States, El-Salvador, Scotland, Thailand, Ecuador, Hungary, Iran, Germany, Holand-Netherlands, England, Vietnam, Laos, Japan, Dominican-Republic, Canada, Hong, Peru, Ireland, South, Greece, Outlying-US(Guam-USVI-etc), Columbia}",*
India,"{India}","{India}","{India}","{India}","{India}","{India}","{India}","{India}","{India}","{India, Canada}","{India, Canada}","{India, Canada}","{India, Canada}","{Mexico, India, Canada}","{Mexico, India, Canada}","{Mexico, India, Canada}","{Mexico, India, Canada}","{Mexico, India, Canada}","{Mexico, India, Canada}","{Mexico, India, Canada}","{Mexico, India, Canada}","{Mexico, India, Canada}","{Mexico, India, Canada}","{Mexico, India, Canada}","{Mexico, India, Canada}","{Mexico, India, Canada}","{Mexico, Canada, Ireland, Philippines, India}","{Mexico, Canada, Ireland, Philippines, India}","{Mexico, Canada, Ireland, Philippines, India}","{Mexico, Canada, Ireland, Philippines, India}","{Mexico, Canada, Ireland, Philippines, India}","{Mexico, Canada, Ireland, Philippines, India}","{Mexico, Canada, Ecuador, Ireland, Philippines, India, Taiwan}","{Mexico, Canada, Ecuador, Ireland, Philippines, India, Taiwan}","{Mexico, Canada, Ecuador, Ireland, Philippines, India, Taiwan}","{Mexico, Canada, Ecuador, Ireland, Philippines, India, Taiwan}","{Jamaica, Mexico, Canada, Thailand, Ecuador, Peru, Ireland, Iran, Philippines, Cuba, Vietnam, Japan, Columbia, India, Taiwan, Haiti}","{Jamaica, Mexico, Canada, Thailand, Ecuador, Peru, Ireland, Iran, Philippines, Cuba, Vietnam, Japan, Columbia, India, Taiwan, Haiti}","{Mexico, France, Poland, India, Taiwan, Haiti, Portugal, Jamaica, Italy, Philippines, Cuba, Scotland, Thailand, Ecuador, Hungary, Iran, Germany, England, Vietnam, Japan, Canada, Peru, Ireland, Greece, Columbia}","{Mexico, France, Poland, India, Taiwan, Haiti, Portugal, Jamaica, Italy, Philippines, Puerto-Rico, China, Cuba, United-States, El-Salvador, Scotland, Thailand, Ecuador, Hungary, Iran, Germany, Holand-Netherlands, England, Vietnam, Laos, Japan, Dominican-Republic, Canada, Hong, Peru, Ireland, South, Greece, Outlying-US(Guam-USVI-etc), Columbia}",*
Trinadad&Tobago,"{Trinadad&Tobago}","{Trinadad&Tobago}","{Trinadad&Tobago}","{Trinadad&Tobago}","{Trinadad&Tobago}","{Cambodia, Guatemala, Nicaragua, Yugoslavia, ?, Trinadad&Tobago, Honduras}","{Cambodia, Guatemala, Nicaragua, Yugoslavia, ?, Trinadad&Tobago, Honduras}","{Cambodia, Guatemala, Nicaragua, Yugoslavia, ?, Trinadad&Tobago, Honduras}","{Cambodia, Guatemala, Nicaragua, Yugoslavia, ?, Trinadad&Tobago, Honduras}","{Cambodia, Guatemala, Nicaragua, Yugoslavia, ?, Trinadad&Tobago, Honduras}","{Cambodia, Guatemala, Nicaragua, Yugoslavia, ?, Trinadad&Tobago, Honduras}","{Cambodia, Guatemala, Nicaragua, Yugoslavia, ?, Trinadad&Tobago, Honduras}","{Cambodia, Guatemala, Nicaragua, Yugoslavia, ?, Trinadad&Tobago, Honduras}","{Cambodia, Guatemala, Nicaragua, Yugoslavia, ?, Trinadad&Tobago, Honduras}","{Cambodia, Guatemala, Nicaragua, Yugoslavia, ?, Trinadad&Tobago, Honduras}","{Cambodia, Guatemala, Nicaragua, Yugoslavia, ?, Trinadad&Tobago, Honduras}","{Cambodia, Guatemala, Nicaragua, Yugoslavia, ?, Trinadad&Tobago, Honduras}","{Cambodia, Guatemala, Nicaragua, Yugoslavia, ?, Trinadad&Tobago, Honduras}","{Cambodia, Guatemala, Nicaragua, Yugoslavia, ?, Trinadad&Tobago, Honduras}","{Cambodia, Guatemala, Nicaragua, Yugoslavia, ?, Trinadad&Tobago, Honduras}","{Cambodia, Guatemala, Nicaragua, Yugoslavia, ?, Trinadad&Tobago, Honduras}","{Cambodia, Guatemala, Nicaragua, Yugoslavia, ?, Trinadad&Tobago, Honduras}","{Cambodia, Guatemala, Nicaragua, Yugoslavia, ?, Trinadad&Tobago, Honduras}","{Cambodia, Guatemala, Nicaragua, Yugoslavia, ?, Trinadad&Tobago, Honduras}","{Cambodia, Guatemala, Nicaragua, Yugoslavia, ?, Trinadad&Tobago, Honduras}","{Cambodia, Guatemala, Nicaragua, Yugoslavia, ?, Trinadad&Tobago, Honduras}","{Cambodia, Guatemala, Nicaragua, Yugoslavia, ?, Trinadad&Tobago, Honduras}","{Cambodia, Guatemala, Nicaragua, Yugoslavia, ?, Trinadad&Tobago, Honduras}","{Cambodia, Guatemala, Nicaragua, Yugoslavia, ?, Trinadad&Tobago, Honduras}","{Cambodia, Guatemala, Nicaragua, Yugoslavia, ?, Trinadad&Tobago, Honduras}","{Cambodia, Guatemala, Nicaragua, Yugoslavia, ?, Trinadad&Tobago, Honduras}","{Cambodia, Guatemala, Nicaragua, Yugoslavia, ?, Trinadad&Tobago, Honduras}","{Cambodia, Guatemala, Nicaragua, Yugoslavia, ?, Trinadad&Tobago, Honduras}","{Cambodia, Guatemala, Nicaragua, Yugoslavia, ?, Trinadad&Tobago, Honduras}","{Cambodia, Guatemala, Nicaragua, Yugoslavia, ?, Trinadad&Tobago, Honduras}","{Cambodia, Guatemala, Nicaragua, Yugoslavia, ?, Trinadad&Tobago, Honduras}","{Cambodia, Guatemala, Nicaragua, Yugoslavia, ?, Trinadad&Tobago, Honduras}","{Cambodia, Guatemala, Nicaragua, Yugoslavia, ?, Trinadad&Tobago, Honduras}","{Cambodia, Guatemala, Nicaragua, Yugoslavia, ?, Trinadad&Tobago, Honduras}","{Cambodia, Guatemala, Nicaragua, Yugoslavia, ?, Trinadad&Tobago, Honduras}",*
